timestamp,position_rotation,position_translation
2026-03-03 00:30:33.916+00,"{0,0,0.6692955,-0.7429963}","{-7.952237,72.42381,1.89}"
2026-03-03 01:06:20.006+00,"{0,0,0.9994268,0.0338526}","{-38.406487,59.54181,1.89}"
2026-03-03 01:06:20.31+00,"{0,0,0.99934137,0.036286402}","{-38.352303,59.86447,1.89}"
2026-03-03 01:06:20.672+00,"{0,0,0.9994808,0.032218445}","{-38.342915,60.178402,1.89}"
2026-03-03 01:06:21.179+00,"{0,0,0.9998067,0.019657059}","{-38.36556,60.492405,1.89}"
2026-03-03 01:06:22.47+00,"{0,0,0.99674547,0.08061223}","{-38.17971,60.229076,1.89}"
2026-03-03 01:06:22.808+00,"{0,0,0.9881656,0.15338998}","{-37.97631,59.983227,1.89}"
2026-03-03 01:06:23.08+00,"{0,0,0.97449374,0.22441432}","{-37.791737,59.741676,1.89}"
2026-03-03 01:06:23.332+00,"{0,0,0.95264786,0.3040755}","{-37.630066,59.459213,1.89}"
2026-03-03 01:06:23.602+00,"{0,0,0.9238042,0.38286522}","{-37.503723,59.109066,1.89}"
2026-03-03 01:06:23.931+00,"{0,0,0.8885802,0.45872113}","{-37.493084,58.751213,1.89}"
2026-03-03 01:06:24.217+00,"{0,0,0.85261595,0.522538}","{-37.5729,58.42371,1.89}"
2026-03-03 01:06:24.475+00,"{0,0,0.81819457,0.5749412}","{-37.714577,58.11964,1.89}"
2026-03-03 01:06:24.799+00,"{0,0,0.7873683,0.6164827}","{-37.906498,57.871048,1.89}"
2026-03-03 01:06:25.099+00,"{0,0,0.76263887,0.64682436}","{-38.145992,57.672905,1.89}"
2026-03-03 01:06:25.439+00,"{0,0,0.745594,0.6664003}","{-38.423447,57.526157,1.89}"
2026-03-03 01:06:25.739+00,"{0,0,0.7317264,0.6815983}","{-38.751514,57.42157,1.89}"
2026-03-03 01:06:26.022+00,"{0,0,0.72358865,0.6902314}","{-39.062366,57.3629,1.89}"
2026-03-03 01:06:26.341+00,"{0,0,0.7206409,0.69330835}","{-39.375103,57.315044,1.89}"
2026-03-03 01:06:26.504+00,"{0,0,0.767929,0.6405348}","{-41.04653,57.36311,1.89}"
2026-03-03 01:06:26.58+00,"{0,0,0.72179216,0.6921097}","{-39.68063,57.314316,1.89}"
2026-03-03 01:06:26.672+00,"{0,0,0.7817103,0.6236416}","{-41.380966,57.37806,1.89}"
2026-03-03 01:06:26.839+00,"{0,0,0.72734076,0.6862763}","{-39.99061,57.298717,1.89}"
2026-03-03 01:06:26.879+00,"{0,0,0.79426956,0.6075654}","{-41.715134,57.384445,1.89}"
2026-03-03 01:06:27.034+00,"{0,0,0.73773813,0.67508686}","{-40.299862,57.330276,1.89}"
2026-03-03 01:06:27.044+00,"{0,0,0.80271155,0.59636736}","{-42.049522,57.292442,1.89}"
2026-03-03 01:06:27.243+00,"{0,0,0.7519375,0.6592342}","{-40.634113,57.366035,1.89}"
2026-03-03 01:06:27.254+00,"{0,0,0.8078715,0.58935845}","{-42.369263,57.217377,1.89}"
2026-03-03 01:06:27.507+00,"{0,0,0.80617446,0.59167767}","{-42.710983,57.10724,1.89}"
2026-03-03 01:06:27.8+00,"{0,0,0.7969538,0.6040402}","{-43.030266,56.946495,1.89}"
2026-03-03 01:06:28.039+00,"{0,0,0.78294444,0.6220915}","{-43.29231,56.788124,1.89}"
2026-03-03 01:06:28.285+00,"{0,0,0.75934356,0.6506898}","{-43.56161,56.60486,1.89}"
2026-03-03 01:06:28.514+00,"{0,0,0.7316423,0.6816886}","{-43.85253,56.40075,1.89}"
2026-03-03 01:06:28.755+00,"{0,0,0.70038676,0.7137635}","{-44.109097,56.225155,1.89}"
2026-03-03 01:06:28.947+00,"{0,0,0.6677247,0.7444082}","{-44.373592,56.04356,1.89}"
2026-03-03 01:06:29.15+00,"{0,0,0.6301323,0.7764877}","{-44.65905,55.86209,1.89}"
2026-03-03 01:06:29.365+00,"{0,0,0.58248687,0.8128401}","{-44.979053,55.70746,1.89}"
2026-03-03 01:06:29.598+00,"{0,0,0.53217965,0.84663135}","{-45.298706,55.609917,1.89}"
2026-03-03 01:06:29.888+00,"{0,0,0.47235012,0.88141096}","{-45.674736,55.545982,1.89}"
2026-03-03 01:06:30.106+00,"{0,0,0.4181609,0.9083729}","{-46.016823,55.537987,1.89}"
2026-03-03 01:06:30.337+00,"{0,0,0.3683191,0.92969936}","{-46.364845,55.566925,1.89}"
2026-03-03 01:06:30.537+00,"{0,0,0.32518235,0.9456513}","{-46.670044,55.65736,1.89}"
2026-03-03 01:06:30.763+00,"{0,0,0.28002915,0.95999146}","{-46.99559,55.805946,1.89}"
2026-03-03 01:06:30.941+00,"{0,0,0.24606863,0.96925235}","{-47.285393,56.003975,1.89}"
2026-03-03 01:06:31.191+00,"{0,0,0.20177,0.9794329}","{-47.673138,56.39221,1.89}"
2026-03-03 01:06:31.694+00,"{0,0,0.13734154,0.9905237}","{-48.238,57.260193,1.89}"
2026-03-03 01:06:31.819+00,"{0,0,0.12204855,0.9925241}","{-48.370827,57.531933,1.89}"
2026-03-03 01:06:31.957+00,"{0,0,0.10749681,0.9942054}","{-48.4903,57.852882,1.89}"
2026-03-03 01:06:32.111+00,"{0,0,0.093213394,0.9956461}","{-48.615067,58.21676,1.89}"
2026-03-03 01:06:32.284+00,"{0,0,0.08535874,0.9963502}","{-48.694626,58.52978,1.89}"
2026-03-03 01:06:32.43+00,"{0,0,0.08011691,0.9967854}","{-48.75724,58.824806,1.89}"
2026-03-03 01:06:32.575+00,"{0,0,0.07473913,0.99720305}","{-48.838676,59.231403,1.89}"
2026-03-03 01:06:32.726+00,"{0,0,0.070083514,0.997541}","{-48.898026,59.529736,1.89}"
2026-03-03 01:06:32.883+00,"{0,0,0.06582938,0.9978308}","{-48.970562,59.858128,1.89}"
2026-03-03 01:06:33.008+00,"{0,0,0.062158592,0.9980662}","{-49.02601,60.15807,1.89}"
2026-03-03 01:06:33.291+00,"{0,0,0.05827836,0.9983003}","{-49.078274,60.49382,1.89}"
2026-03-03 01:06:33.359+00,"{0,0,0.05436046,0.9985213}","{-49.13982,60.864986,1.89}"
2026-03-03 01:06:33.443+00,"{0,0,0.051228434,0.9986869}","{-49.178276,61.166496,1.89}"
2026-03-03 01:06:33.615+00,"{0,0,0.04820582,0.99883735}","{-49.219707,61.471302,1.89}"
2026-03-03 01:06:33.747+00,"{0,0,0.046255223,0.99892956}","{-49.261772,61.808933,1.89}"
2026-03-03 01:06:33.904+00,"{0,0,0.045520477,0.9989633}","{-49.288277,62.10783,1.89}"
2026-03-03 01:06:34.041+00,"{0,0,0.04696018,0.9988967}","{-49.324406,62.480587,1.89}"
2026-03-03 01:06:34.216+00,"{0,0,0.050089426,0.9987447}","{-49.34969,62.85055,1.89}"
2026-03-03 01:06:34.381+00,"{0,0,0.05372314,0.9985558}","{-49.37813,63.226166,1.89}"
2026-03-03 01:06:34.546+00,"{0,0,0.057303898,0.9983567}","{-49.427216,63.5915,1.89}"
2026-03-03 01:06:34.755+00,"{0,0,0.061727293,0.998093}","{-49.467045,64.033844,1.89}"
2026-03-03 01:06:34.917+00,"{0,0,0.06564881,0.9978427}","{-49.524952,64.389435,1.89}"
2026-03-03 01:06:35.1+00,"{0,0,0.068983376,0.9976178}","{-49.555992,64.78402,1.89}"
2026-03-03 01:06:35.267+00,"{0,0,0.07179354,0.9974195}","{-49.58844,65.11077,1.89}"
2026-03-03 01:06:35.436+00,"{0,0,0.07545153,0.9971494}","{-49.640003,65.454285,1.89}"
2026-03-03 01:06:35.747+00,"{0,0,0.07757865,0.99698615}","{-49.693542,65.85045,1.89}"
2026-03-03 01:06:35.811+00,"{0,0,0.078520976,0.9969124}","{-49.741783,66.196396,1.89}"
2026-03-03 01:06:35.975+00,"{0,0,0.07860298,0.9969059}","{-49.803917,66.528366,1.89}"
2026-03-03 01:06:36.167+00,"{0,0,0.07801625,0.99695206}","{-49.894802,66.85938,1.89}"
2026-03-03 01:06:36.324+00,"{0,0,0.07749605,0.9969926}","{-49.97561,67.19824,1.89}"
2026-03-03 01:06:36.496+00,"{0,0,0.0763189,0.99708337}","{-50.019608,67.52414,1.89}"
2026-03-03 01:06:36.736+00,"{0,0,0.07564185,0.997135}","{-50.08152,67.93725,1.89}"
2026-03-03 01:06:36.959+00,"{0,0,0.07512441,0.9971741}","{-50.117126,68.25943,1.89}"
2026-03-03 01:06:37.148+00,"{0,0,0.07401587,0.997257}","{-50.16658,68.61271,1.89}"
2026-03-03 01:06:37.34+00,"{0,0,0.07333014,0.99730766}","{-50.240868,68.94235,1.89}"
2026-03-03 01:06:37.544+00,"{0,0,0.072753526,0.99734986}","{-50.295845,69.3069,1.89}"
2026-03-03 01:06:37.727+00,"{0,0,0.071327075,0.9974529}","{-50.340176,69.673294,1.89}"
2026-03-03 01:06:37.922+00,"{0,0,0.07067558,0.9974993}","{-50.415924,70.00038,1.89}"
2026-03-03 01:06:38.134+00,"{0,0,0.070257485,0.99752885}","{-50.463,70.320724,1.89}"
2026-03-03 01:06:38.349+00,"{0,0,0.06915903,0.9976056}","{-50.531837,70.735504,1.89}"
2026-03-03 01:06:38.551+00,"{0,0,0.06771082,0.9977049}","{-50.580147,71.08807,1.89}"
2026-03-03 01:06:38.764+00,"{0,0,0.06798865,0.997686}","{-50.63786,71.40695,1.89}"
2026-03-03 01:06:38.93+00,"{0,0,0.067436434,0.9977235}","{-50.693237,71.74206,1.89}"
2026-03-03 01:06:39.202+00,"{0,0,0.06622167,0.9978048}","{-50.75734,72.16292,1.89}"
2026-03-03 01:06:39.432+00,"{0,0,0.06489963,0.99789166}","{-50.81016,72.5277,1.89}"
2026-03-03 01:06:39.683+00,"{0,0,0.063629225,0.99797356}","{-50.854214,72.86598,1.89}"
2026-03-03 01:06:39.859+00,"{0,0,0.06270053,0.99803233}","{-50.90712,73.204834,1.89}"
2026-03-03 01:06:40.131+00,"{0,0,0.062121235,0.9980685}","{-50.94989,73.53519,1.89}"
2026-03-03 01:06:40.434+00,"{0,0,0.06225413,0.9980603}","{-50.998028,73.83171,1.89}"
2026-03-03 01:06:42.001+00,"{0,0,0.004623335,0.9999892}","{-51.231552,73.58206,1.89}"
2026-03-03 01:06:42.25+00,"{0,0,0.034505405,-0.9994045}","{-51.37196,73.3885,1.89}"
2026-03-03 01:06:42.575+00,"{0,0,0.10348247,-0.9946312}","{-51.62474,73.13744,1.89}"
2026-03-03 01:06:42.876+00,"{0,0,0.17837173,-0.98396313}","{-51.924103,72.92346,1.89}"
2026-03-03 01:06:43.165+00,"{0,0,0.23934014,-0.97093576}","{-52.184143,72.75337,1.89}"
2026-03-03 01:06:43.474+00,"{0,0,0.301245,-0.95354664}","{-52.525757,72.61035,1.89}"
2026-03-03 01:06:43.755+00,"{0,0,0.352635,-0.93576086}","{-52.884964,72.49158,1.89}"
2026-03-03 01:06:44.057+00,"{0,0,0.38522005,-0.9228247}","{-53.172417,72.377815,1.89}"
2026-03-03 01:06:44.49+00,"{0,0,0.40907007,-0.9125029}","{-53.491848,72.20781,1.89}"
2026-03-03 01:06:45.722+00,"{0,0,0.46194676,-0.88690764}","{-53.42949,72.59773,1.89}"
2026-03-03 01:06:46.007+00,"{0,0,0.51736194,-0.85576653}","{-53.38187,72.920906,1.89}"
2026-03-03 01:06:46.297+00,"{0,0,0.5771433,-0.81664276}","{-53.307507,73.24822,1.89}"
2026-03-03 01:06:46.514+00,"{0,0,0.659622,-0.75159734}","{-53.200336,73.66812,1.89}"
2026-03-03 01:06:46.706+00,"{0,0,0.71309733,-0.70106494}","{-53.09162,73.95487,1.89}"
2026-03-03 01:06:46.893+00,"{0,0,0.7751503,-0.63177687}","{-52.94722,74.25088,1.89}"
2026-03-03 01:06:47.104+00,"{0,0,0.8359842,-0.5487535}","{-52.62731,74.52905,1.89}"
2026-03-03 01:06:47.26+00,"{0,0,0.87570214,-0.48285165}","{-52.299477,74.66208,1.89}"
2026-03-03 01:06:47.515+00,"{0,0,0.9183973,-0.3956593}","{-51.853836,74.786804,1.89}"
2026-03-03 01:06:47.743+00,"{0,0,0.94428194,-0.32913756}","{-51.514706,74.769104,1.89}"
2026-03-03 01:06:47.899+00,"{0,0,0.96712774,-0.25429076}","{-51.07992,74.65465,1.89}"
2026-03-03 01:06:48.1+00,"{0,0,0.98021686,-0.19792618}","{-50.72917,74.48314,1.89}"
2026-03-03 01:06:48.268+00,"{0,0,0.9888929,-0.14862964}","{-50.414406,74.223175,1.89}"
2026-03-03 01:06:48.467+00,"{0,0,0.99451244,-0.10461745}","{-50.143322,73.8622,1.89}"
2026-03-03 01:06:48.615+00,"{0,0,0.99690694,-0.07859102}","{-49.964603,73.567406,1.89}"
2026-03-03 01:06:48.775+00,"{0,0,0.9984012,-0.05652383}","{-49.794254,73.241486,1.89}"
2026-03-03 01:06:48.928+00,"{0,0,0.99935293,-0.035966758}","{-49.6716,72.90231,1.89}"
2026-03-03 01:06:49.287+00,"{0,0,0.999924,-0.012323886}","{-49.558857,72.34553,1.89}"
2026-03-03 01:06:49.379+00,"{0,0,0.9999986,-0.0016424358}","{-49.508358,71.93558,1.89}"
2026-03-03 01:06:49.581+00,"{0,0,0.99999356,0.003577374}","{-49.48179,71.47298,1.89}"
2026-03-03 01:06:49.682+00,"{0,0,0.999994,0.0034551881}","{-49.46853,71.14077,1.89}"
2026-03-03 01:06:49.84+00,"{0,0,0.999999,0.0014118385}","{-49.471752,70.81959,1.89}"
2026-03-03 01:06:49.947+00,"{0,0,0.99999565,-0.0029340256}","{-49.476562,70.46124,1.89}"
2026-03-03 01:06:50.141+00,"{0,0,0.9999378,-0.011154093}","{-49.50351,70.00098,1.89}"
2026-03-03 01:06:50.334+00,"{0,0,0.999792,-0.020390095}","{-49.521393,69.621185,1.89}"
2026-03-03 01:06:50.46+00,"{0,0,0.99947935,-0.032262884}","{-49.5798,69.23594,1.89}"
2026-03-03 01:06:50.58+00,"{0,0,0.99909663,-0.04249402}","{-49.602142,68.92442,1.89}"
2026-03-03 01:06:50.708+00,"{0,0,0.9984101,-0.056365553}","{-49.622665,68.543076,1.89}"
2026-03-03 01:06:50.864+00,"{0,0,0.9973088,-0.07331449}","{-49.616085,68.156494,1.89}"
2026-03-03 01:06:51.026+00,"{0,0,0.99607086,-0.08855925}","{-49.650135,67.7235,1.89}"
2026-03-03 01:06:51.208+00,"{0,0,0.9946865,-0.10294981}","{-49.644096,67.4134,1.89}"
2026-03-03 01:06:51.26+00,"{0,0,0.99299663,-0.118142284}","{-49.639214,67.11222,1.89}"
2026-03-03 01:06:51.429+00,"{0,0,0.99011314,-0.14027071}","{-49.61782,66.699814,1.89}"
2026-03-03 01:06:51.561+00,"{0,0,0.9867547,-0.1622189}","{-49.600838,66.34083,1.89}"
2026-03-03 01:06:51.683+00,"{0,0,0.98252237,-0.18614425}","{-49.57519,66.00129,1.89}"
2026-03-03 01:06:51.876+00,"{0,0,0.9750285,-0.22207937}","{-49.510895,65.52064,1.89}"
2026-03-03 01:06:52.031+00,"{0,0,0.96754766,-0.25268832}","{-49.445545,65.134895,1.89}"
2026-03-03 01:06:52.218+00,"{0,0,0.9562936,-0.29240808}","{-49.32065,64.61491,1.89}"
2026-03-03 01:06:52.333+00,"{0,0,0.9489145,-0.31553304}","{-49.222973,64.33082,1.89}"
2026-03-03 01:06:52.483+00,"{0,0,0.93770635,-0.34742877}","{-49.056423,63.870728,1.89}"
2026-03-03 01:06:52.667+00,"{0,0,0.9263637,-0.37662995}","{-48.91321,63.531498,1.89}"
2026-03-03 01:06:52.797+00,"{0,0,0.9141543,-0.40536618}","{-48.728916,63.22031,1.89}"
2026-03-03 01:06:52.921+00,"{0,0,0.9048121,-0.42581096}","{-48.578423,62.944637,1.89}"
2026-03-03 01:06:53.146+00,"{0,0,0.8870823,-0.4616112}","{-48.206043,62.48952,1.89}"
2026-03-03 01:06:53.232+00,"{0,0,0.8773479,-0.47985485}","{-48.025894,62.234478,1.89}"
2026-03-03 01:06:53.424+00,"{0,0,0.86662114,-0.49896672}","{-47.742073,62.01654,1.89}"
2026-03-03 01:06:53.619+00,"{0,0,0.85418844,-0.5199635}","{-47.364258,61.704697,1.89}"
2026-03-03 01:06:53.753+00,"{0,0,0.8474202,-0.53092265}","{-47.08188,61.517254,1.89}"
2026-03-03 01:06:53.898+00,"{0,0,0.8433383,-0.53738296}","{-46.776527,61.28401,1.89}"
2026-03-03 01:06:54.042+00,"{0,0,0.8425571,-0.53860706}","{-46.461403,61.122852,1.89}"
2026-03-03 01:06:54.243+00,"{0,0,0.84534466,-0.53422123}","{-46.0959,60.964645,1.89}"
2026-03-03 01:06:54.347+00,"{0,0,0.8494205,-0.52771664}","{-45.791534,60.85817,1.89}"
2026-03-03 01:06:54.502+00,"{0,0,0.8541118,-0.5200893}","{-45.503376,60.76395,1.89}"
2026-03-03 01:06:54.605+00,"{0,0,0.8620241,-0.5068672}","{-45.199974,60.66185,1.89}"
2026-03-03 01:06:54.698+00,"{0,0,0.8729247,-0.48785487}","{-44.870625,60.558723,1.89}"
2026-03-03 01:06:54.927+00,"{0,0,0.8845334,-0.46647677}","{-44.53681,60.454754,1.89}"
2026-03-03 01:06:55.028+00,"{0,0,0.8978695,-0.44026148}","{-44.228325,60.34638,1.89}"
2026-03-03 01:06:55.182+00,"{0,0,0.9117151,-0.4108229}","{-43.898575,60.23922,1.89}"
2026-03-03 01:06:55.403+00,"{0,0,0.9320275,-0.36238733}","{-43.419952,60.08383,1.89}"
2026-03-03 01:06:55.623+00,"{0,0,0.95272136,-0.3038451}","{-42.993538,59.87261,1.89}"
2026-03-03 01:06:55.831+00,"{0,0,0.9625519,-0.2710973}","{-42.71625,59.742264,1.89}"
2026-03-03 01:06:55.953+00,"{0,0,0.9730038,-0.23078862}","{-42.43953,59.531567,1.89}"
2026-03-03 01:06:56.121+00,"{0,0,0.98224306,-0.1876128}","{-42.168823,59.30844,1.89}"
2026-03-03 01:06:56.414+00,"{0,0,0.99119294,-0.13242549}","{-41.84104,59.006638,1.89}"
2026-03-03 01:06:56.573+00,"{0,0,0.9960516,-0.08877542}","{-41.61913,58.73032,1.89}"
2026-03-03 01:06:56.826+00,"{0,0,0.9987234,-0.050513}","{-41.43498,58.432934,1.89}"
2026-03-03 01:06:57.206+00,"{0,0,0.999764,-0.02172004}","{-41.316326,58.12434,1.89}"
2026-03-03 01:06:57.587+00,"{0,0,0.9999918,-0.00403749}","{-41.22306,57.81106,1.89}"
2026-03-03 01:06:58.199+00,"{0,0,0.9999992,-0.0011945926}","{-41.204044,57.49677,1.89}"
2026-03-03 01:06:59.639+00,"{0,0,0.999962,-0.008718319}","{-41.2241,57.19374,1.89}"
2026-03-03 01:07:01.515+00,"{0,0,0.99952585,-0.030787682}","{-41.295643,56.876648,1.89}"
2026-03-03 01:07:02.348+00,"{0,0,0.9973505,-0.072744474}","{-41.420357,56.58977,1.89}"
2026-03-03 01:07:04.939+00,"{0,0,0.9930237,-0.117914654}","{-41.635555,56.82539,1.89}"
2026-03-03 01:07:05.118+00,"{0,0,0.9899078,-0.1417122}","{-41.792885,57.11486,1.89}"
2026-03-03 01:07:05.319+00,"{0,0,0.9863964,-0.16438407}","{-41.963093,57.375107,1.89}"
2026-03-03 01:07:05.573+00,"{0,0,0.9816303,-0.19079272}","{-42.15792,57.647003,1.89}"
2026-03-03 01:07:05.825+00,"{0,0,0.97534144,-0.22070102}","{-42.400284,57.94956,1.89}"
2026-03-03 01:07:06.07+00,"{0,0,0.96845204,-0.24919975}","{-42.657146,58.24111,1.89}"
2026-03-03 01:07:06.202+00,"{0,0,0.9619972,-0.27305904}","{-42.89456,58.493027,1.89}"
2026-03-03 01:07:06.42+00,"{0,0,0.9554047,-0.29529956}","{-43.14589,58.75677,1.89}"
2026-03-03 01:07:06.667+00,"{0,0,0.94978917,-0.31289062}","{-43.428467,59.008373,1.89}"
2026-03-03 01:07:06.831+00,"{0,0,0.945666,-0.3251396}","{-43.66545,59.242325,1.89}"
2026-03-03 01:07:07.003+00,"{0,0,0.9424571,-0.33432698}","{-43.90606,59.500256,1.89}"
2026-03-03 01:07:07.227+00,"{0,0,0.93999743,-0.3411814}","{-44.12026,59.735657,1.89}"
2026-03-03 01:07:07.519+00,"{0,0,0.93832165,-0.34576353}","{-44.36159,59.965927,1.89}"
2026-03-03 01:07:07.607+00,"{0,0,0.93693036,-0.349516}","{-44.62464,60.267418,1.89}"
2026-03-03 01:07:07.811+00,"{0,0,0.93612236,-0.3516743}","{-44.835938,60.49033,1.89}"
2026-03-03 01:07:07.989+00,"{0,0,0.93502605,-0.3545789}","{-45.067497,60.77059,1.89}"
2026-03-03 01:07:08.219+00,"{0,0,0.9340139,-0.3572365}","{-45.325066,61.045055,1.89}"
2026-03-03 01:07:08.463+00,"{0,0,0.93273616,-0.3605595}","{-45.634483,61.35743,1.89}"
2026-03-03 01:07:08.672+00,"{0,0,0.9325251,-0.3611049}","{-45.904484,61.651028,1.89}"
2026-03-03 01:07:08.875+00,"{0,0,0.93385494,-0.35765186}","{-46.146397,61.957752,1.89}"
2026-03-03 01:07:09.086+00,"{0,0,0.93541616,-0.3535485}","{-46.376892,62.23788,1.89}"
2026-03-03 01:07:09.332+00,"{0,0,0.93763053,-0.34763315}","{-46.662327,62.56941,1.89}"
2026-03-03 01:07:09.512+00,"{0,0,0.939205,-0.34335676}","{-46.8692,62.871883,1.89}"
2026-03-03 01:07:09.768+00,"{0,0,0.94104344,-0.33828562}","{-47.119823,63.219162,1.89}"
2026-03-03 01:07:09.951+00,"{0,0,0.9426025,-0.3339166}","{-47.353035,63.523834,1.89}"
2026-03-03 01:07:10.235+00,"{0,0,0.9448191,-0.3275924}","{-47.607025,63.864494,1.89}"
2026-03-03 01:07:10.41+00,"{0,0,0.946603,-0.32240131}","{-47.811768,64.15217,1.89}"
2026-03-03 01:07:10.579+00,"{0,0,0.9488898,-0.31560758}","{-48.0198,64.470024,1.89}"
2026-03-03 01:07:10.788+00,"{0,0,0.9516197,-0.30727828}","{-48.214844,64.77227,1.89}"
2026-03-03 01:07:10.991+00,"{0,0,0.95378554,-0.30048802}","{-48.345886,65.09329,1.89}"
2026-03-03 01:07:11.24+00,"{0,0,0.95651495,-0.291683}","{-48.598103,65.43877,1.89}"
2026-03-03 01:07:11.414+00,"{0,0,0.9586779,-0.28449365}","{-48.77171,65.72615,1.89}"
2026-03-03 01:07:11.598+00,"{0,0,0.96089673,-0.27690682}","{-48.92673,66.04574,1.89}"
2026-03-03 01:07:11.817+00,"{0,0,0.96336615,-0.2681893}","{-49.116943,66.43903,1.89}"
2026-03-03 01:07:12.053+00,"{0,0,0.9656748,-0.25975376}","{-49.27068,66.746216,1.89}"
2026-03-03 01:07:12.298+00,"{0,0,0.9684162,-0.2493389}","{-49.480488,67.197945,1.89}"
2026-03-03 01:07:12.547+00,"{0,0,0.97062695,-0.24058937}","{-49.655476,67.57902,1.89}"
2026-03-03 01:07:12.694+00,"{0,0,0.9719134,-0.23533846}","{-49.788292,67.88306,1.89}"
2026-03-03 01:07:12.94+00,"{0,0,0.97311604,-0.23031515}","{-49.924416,68.25099,1.89}"
2026-03-03 01:07:13.117+00,"{0,0,0.97468686,-0.2235743}","{-50.07055,68.592926,1.89}"
2026-03-03 01:07:13.343+00,"{0,0,0.9762715,-0.21654986}","{-50.172626,68.876434,1.89}"
2026-03-03 01:07:13.515+00,"{0,0,0.9789955,-0.20388168}","{-50.29773,69.2517,1.89}"
2026-03-03 01:07:13.719+00,"{0,0,0.9817376,-0.1902394}","{-50.403473,69.640396,1.89}"
2026-03-03 01:07:14.004+00,"{0,0,0.98491627,-0.17303136}","{-50.51176,70.06714,1.89}"
2026-03-03 01:07:14.253+00,"{0,0,0.98703057,-0.16053218}","{-50.573215,70.39407,1.89}"
2026-03-03 01:07:14.354+00,"{0,0,0.98895526,-0.14821416}","{-50.63501,70.72212,1.89}"
2026-03-03 01:07:14.527+00,"{0,0,0.990419,-0.13809441}","{-50.68096,71.02126,1.89}"
2026-03-03 01:07:14.743+00,"{0,0,0.9919513,-0.12661959}","{-50.741096,71.40921,1.89}"
2026-03-03 01:07:14.988+00,"{0,0,0.99279857,-0.11979509}","{-50.79374,71.71355,1.89}"
2026-03-03 01:07:15.085+00,"{0,0,0.99347633,-0.11403818}","{-50.839664,72.05095,1.89}"
2026-03-03 01:07:15.343+00,"{0,0,0.9942233,-0.10733063}","{-50.936058,72.492226,1.89}"
2026-03-03 01:07:15.545+00,"{0,0,0.9945303,-0.10444759}","{-50.96458,72.802704,1.89}"
2026-03-03 01:07:15.678+00,"{0,0,0.9947505,-0.102329254}","{-51.03647,73.14408,1.89}"
2026-03-03 01:07:15.869+00,"{0,0,0.9950455,-0.09942017}","{-51.081642,73.45425,1.89}"
2026-03-03 01:07:16.065+00,"{0,0,0.9952944,-0.096896715}","{-51.11173,73.755005,1.89}"
2026-03-03 01:07:16.213+00,"{0,0,0.9956661,-0.09299931}","{-51.16095,74.08455,1.89}"
2026-03-03 01:07:16.4+00,"{0,0,0.9961663,-0.08747947}","{-51.24291,74.44989,1.89}"
2026-03-03 01:07:16.662+00,"{0,0,0.9968198,-0.07968851}","{-51.253174,74.86648,1.89}"
2026-03-03 01:07:16.896+00,"{0,0,0.9974128,-0.07188632}","{-51.296513,75.27777,1.89}"
2026-03-03 01:07:17.036+00,"{0,0,0.9978448,-0.06561683}","{-51.307716,75.62305,1.89}"
2026-03-03 01:07:17.25+00,"{0,0,0.99829715,-0.05833271}","{-51.32624,76.02824,1.89}"
2026-03-03 01:07:17.448+00,"{0,0,0.9986321,-0.052286603}","{-51.336212,76.33689,1.89}"
2026-03-03 01:07:17.629+00,"{0,0,0.9989694,-0.045387447}","{-51.319145,76.66879,1.89}"
2026-03-03 01:07:17.79+00,"{0,0,0.9992016,-0.03994967}","{-51.346783,76.97833,1.89}"
2026-03-03 01:07:18.161+00,"{0,0,0.99963486,-0.027019134}","{-51.328056,77.71059,1.89}"
2026-03-03 01:07:18.333+00,"{0,0,0.99978995,-0.020493517}","{-51.32725,78.01417,1.89}"
2026-03-03 01:07:18.508+00,"{0,0,0.9999048,-0.013791814}","{-51.32053,78.36276,1.89}"
2026-03-03 01:07:18.698+00,"{0,0,0.9999783,-0.006576229}","{-51.310287,78.74916,1.89}"
2026-03-03 01:07:18.916+00,"{0,0,0.9999996,0.0007972233}","{-51.3061,79.077515,1.89}"
2026-03-03 01:07:19.094+00,"{0,0,0.99996626,0.008208141}","{-51.293846,79.44479,1.89}"
2026-03-03 01:07:19.283+00,"{0,0,0.99990064,0.014090791}","{-51.233135,79.79564,1.89}"
2026-03-03 01:07:19.446+00,"{0,0,0.9997799,0.020977627}","{-51.20256,80.145065,1.89}"
2026-03-03 01:07:19.612+00,"{0,0,0.99962646,0.027328128}","{-51.182194,80.46022,1.89}"
2026-03-03 01:07:19.86+00,"{0,0,0.9993533,0.035955552}","{-51.12739,80.859665,1.89}"
2026-03-03 01:07:20.054+00,"{0,0,0.9990522,0.043526724}","{-51.08116,81.22939,1.89}"
2026-03-03 01:07:20.219+00,"{0,0,0.99877137,0.04955529}","{-51.05421,81.56736,1.89}"
2026-03-03 01:07:20.415+00,"{0,0,0.99837977,0.056900803}","{-51.00021,81.93135,1.89}"
2026-03-03 01:07:20.595+00,"{0,0,0.9979188,0.06448205}","{-50.92886,82.31656,1.89}"
2026-03-03 01:07:20.81+00,"{0,0,0.99746513,0.07115602}","{-50.906837,82.642395,1.89}"
2026-03-03 01:07:20.983+00,"{0,0,0.9969338,0.07824837}","{-50.822773,82.97228,1.89}"
2026-03-03 01:07:21.152+00,"{0,0,0.9964107,0.08464917}","{-50.744907,83.33548,1.89}"
2026-03-03 01:07:21.395+00,"{0,0,0.99572235,0.09239494}","{-50.661964,83.69103,1.89}"
2026-03-03 01:07:21.524+00,"{0,0,0.994941,0.10046037}","{-50.581615,84.03256,1.89}"
2026-03-03 01:07:21.698+00,"{0,0,0.99410987,0.10837676}","{-50.498474,84.33607,1.89}"
2026-03-03 01:07:21.985+00,"{0,0,0.99222517,0.12445555}","{-50.39718,84.77379,1.89}"
2026-03-03 01:07:22.213+00,"{0,0,0.9905818,0.13692175}","{-50.24685,85.069626,1.89}"
2026-03-03 01:07:22.314+00,"{0,0,0.98768216,0.15647295}","{-50.049946,85.43814,1.89}"
2026-03-03 01:07:22.495+00,"{0,0,0.98497975,0.1726696}","{-49.89254,85.71184,1.89}"
2026-03-03 01:07:22.67+00,"{0,0,0.98167795,0.1905475}","{-49.713383,85.98859,1.89}"
2026-03-03 01:07:22.881+00,"{0,0,0.9772342,0.21216324}","{-49.531654,86.329285,1.89}"
2026-03-03 01:07:23.04+00,"{0,0,0.9742198,0.22560051}","{-49.4556,86.70607,1.89}"
2026-03-03 01:07:23.311+00,"{0,0,0.9695116,0.24504521}","{-49.220898,86.9837,1.89}"
2026-03-03 01:07:23.399+00,"{0,0,0.9648722,0.26271927}","{-49.007355,87.31105,1.89}"
2026-03-03 01:07:23.646+00,"{0,0,0.9583261,0.28567627}","{-48.71735,87.65022,1.89}"
2026-03-03 01:07:23.831+00,"{0,0,0.9537585,0.3005738}","{-48.506477,87.88698,1.89}"
2026-03-03 01:07:24.057+00,"{0,0,0.94902986,0.31518582}","{-48.222717,88.17706,1.89}"
2026-03-03 01:07:24.215+00,"{0,0,0.94502354,0.32700223}","{-47.957787,88.45155,1.89}"
2026-03-03 01:07:24.439+00,"{0,0,0.9418252,0.33610284}","{-47.68209,88.81907,1.89}"
2026-03-03 01:07:24.595+00,"{0,0,0.93859774,0.34501326}","{-47.46347,89.11038,1.89}"
2026-03-03 01:07:24.758+00,"{0,0,0.93463093,0.35561907}","{-47.21768,89.32163,1.89}"
2026-03-03 01:07:24.955+00,"{0,0,0.9275984,0.37357882}","{-46.927475,89.60288,1.89}"
2026-03-03 01:07:25.179+00,"{0,0,0.91897005,0.39432707}","{-46.627365,89.79224,1.89}"
2026-03-03 01:07:25.378+00,"{0,0,0.9050422,0.4253216}","{-46.265335,90.02397,1.89}"
2026-03-03 01:07:25.579+00,"{0,0,0.89025736,0.45545763}","{-45.91089,90.18784,1.89}"
2026-03-03 01:07:25.8+00,"{0,0,0.8762857,0.48179176}","{-45.60658,90.26894,1.89}"
2026-03-03 01:07:25.992+00,"{0,0,0.8558567,0.5172129}","{-45.208824,90.35541,1.89}"
2026-03-03 01:07:26.175+00,"{0,0,0.83622116,0.5483922}","{-44.890495,90.379074,1.89}"
2026-03-03 01:07:26.407+00,"{0,0,0.8111826,0.5847928}","{-44.500496,90.34294,1.89}"
2026-03-03 01:07:26.642+00,"{0,0,0.78763556,0.61614126}","{-44.192688,90.26219,1.89}"
2026-03-03 01:07:26.782+00,"{0,0,0.76181006,0.6478003}","{-43.899086,90.16837,1.89}"
2026-03-03 01:07:27.035+00,"{0,0,0.7364444,0.676498}","{-43.602314,90.053085,1.89}"
2026-03-03 01:07:27.266+00,"{0,0,0.71550125,0.69861126}","{-43.283527,89.9583,1.89}"
2026-03-03 01:07:27.534+00,"{0,0,0.6950604,0.7189512}","{-42.92807,89.838684,1.89}"
2026-03-03 01:07:27.814+00,"{0,0,0.68115366,0.7321404}","{-42.571545,89.699066,1.89}"
2026-03-03 01:07:58.385+00,"{0,0,0.6787278,0.73438996}","{-42.351257,89.662636,1.89}"
2026-03-03 01:07:58.545+00,"{0,0,0.6787278,0.73438996}","{-42.351257,89.662636,1.89}"
2026-03-03 01:07:58.882+00,"{0,0,0.65736157,0.7535754}","{-42.657,89.59811,1.89}"
2026-03-03 01:07:58.916+00,"{0,0,0.6493545,0.7604859}","{-37.82411,92.4204,1.89}"
2026-03-03 01:07:59.077+00,"{0,0,0.6356913,0.77194345}","{-38.512264,92.5621,1.89}"
2026-03-03 01:07:59.283+00,"{0,0,0.6192824,0.78516835}","{-38.973595,92.68194,1.89}"
2026-03-03 01:07:59.619+00,"{0,0,0.59774643,0.8016853}","{-39.269817,92.61037,1.89}"
2026-03-03 01:08:00.32+00,"{0,0,0.5811697,0.8137824}","{-39.5588,92.517365,1.89}"
2026-03-03 01:08:02.194+00,"{0,0,0.5890234,0.808116}","{-39.81388,92.67882,1.89}"
2026-03-03 01:08:04.091+00,"{0,0,0.59618545,0.8028468}","{-40.128525,92.7782,1.89}"
2026-03-03 01:08:04.411+00,"{0,0,0.5965856,0.80254954}","{-40.431908,92.74519,1.89}"
2026-03-03 01:08:04.774+00,"{0,0,0.5960984,0.8029114}","{-40.728252,92.827286,1.89}"
2026-03-03 01:08:05.06+00,"{0,0,0.59653264,0.8025889}","{-41.023163,92.88327,1.89}"
2026-03-03 01:08:05.472+00,"{0,0,0.5989333,0.80079895}","{-41.32822,92.986244,1.89}"
2026-03-03 01:08:07.41+00,"{0,0,0.6022723,0.7982908}","{-41.070553,92.82534,1.89}"
2026-03-03 01:08:07.661+00,"{0,0,0.60719246,0.7945548}","{-40.762077,92.76052,1.89}"
2026-03-03 01:08:07.855+00,"{0,0,0.6172897,0.78673595}","{-40.422016,92.6827,1.89}"
2026-03-03 01:08:08.053+00,"{0,0,0.6318263,0.77511007}","{-40.094177,92.67704,1.89}"
2026-03-03 01:08:08.29+00,"{0,0,0.6495141,0.7603496}","{-39.734135,92.67807,1.89}"
2026-03-03 01:08:08.543+00,"{0,0,0.67261684,0.739991}","{-39.35412,92.63224,1.89}"
2026-03-03 01:08:08.807+00,"{0,0,0.6991079,0.7150162}","{-38.95166,92.68525,1.89}"
2026-03-03 01:08:09.08+00,"{0,0,0.73115003,0.6822167}","{-38.53588,92.827286,1.89}"
2026-03-03 01:08:09.28+00,"{0,0,0.75718224,0.65320367}","{-38.255154,92.958176,1.89}"
2026-03-03 01:08:09.561+00,"{0,0,0.7872114,0.6166832}","{-37.90416,93.158066,1.89}"
2026-03-03 01:08:09.777+00,"{0,0,0.8084611,0.58854955}","{-37.578293,93.36655,1.89}"
2026-03-03 01:08:10.028+00,"{0,0,0.8251321,0.5649398}","{-37.301163,93.56654,1.89}"
2026-03-03 01:08:10.16+00,"{0,0,0.8396674,0.54310095}","{-37.008556,93.779366,1.89}"
2026-03-03 01:08:10.371+00,"{0,0,0.85155636,0.524263}","{-36.745823,93.980286,1.89}"
2026-03-03 01:08:10.602+00,"{0,0,0.8633183,0.50465965}","{-36.408485,94.24535,1.89}"
2026-03-03 01:08:10.823+00,"{0,0,0.8709361,0.49139628}","{-36.120937,94.47566,1.89}"
2026-03-03 01:08:10.96+00,"{0,0,0.8757533,0.4827589}","{-35.854294,94.66806,1.89}"
2026-03-03 01:08:11.181+00,"{0,0,0.8807399,0.4736002}","{-35.563847,94.89459,1.89}"
2026-03-03 01:08:11.409+00,"{0,0,0.8847607,0.4660456}","{-35.25974,95.143456,1.89}"
2026-03-03 01:08:11.544+00,"{0,0,0.8879319,0.45997497}","{-35.02652,95.34698,1.89}"
2026-03-03 01:08:11.733+00,"{0,0,0.8909752,0.45405203}","{-34.743626,95.57655,1.89}"
2026-03-03 01:08:11.935+00,"{0,0,0.89381593,0.44843397}","{-34.452023,95.798874,1.89}"
2026-03-03 01:08:12.159+00,"{0,0,0.8958594,0.44433755}","{-34.148853,96.054955,1.89}"
2026-03-03 01:08:12.399+00,"{0,0,0.8978606,0.44027987}","{-33.87307,96.274124,1.89}"
2026-03-03 01:08:12.554+00,"{0,0,0.898655,0.43865615}","{-33.61885,96.48461,1.89}"
2026-03-03 01:08:12.745+00,"{0,0,0.8993423,0.43724525}","{-33.337566,96.70861,1.89}"
2026-03-03 01:08:12.999+00,"{0,0,0.89916635,0.43760702}","{-32.997967,97.004715,1.89}"
2026-03-03 01:08:13.192+00,"{0,0,0.8995868,0.43674204}","{-32.72302,97.21219,1.89}"
2026-03-03 01:08:13.421+00,"{0,0,0.8996717,0.4365671}","{-32.434334,97.437325,1.89}"
2026-03-03 01:08:13.564+00,"{0,0,0.8995074,0.43690544}","{-32.162605,97.645836,1.89}"
2026-03-03 01:08:13.716+00,"{0,0,0.899636,0.43664074}","{-31.92559,97.836205,1.89}"
2026-03-03 01:08:13.949+00,"{0,0,0.8998306,0.43623945}","{-31.654255,98.042435,1.89}"
2026-03-03 01:08:14.151+00,"{0,0,0.9000682,0.43574893}","{-31.38904,98.248604,1.89}"
2026-03-03 01:08:14.266+00,"{0,0,0.899898,0.4361004}","{-31.143852,98.44045,1.89}"
2026-03-03 01:08:14.494+00,"{0,0,0.90032893,0.43521}","{-30.795544,98.709625,1.89}"
2026-03-03 01:08:14.694+00,"{0,0,0.9001376,0.43560562}","{-30.551853,98.902985,1.89}"
2026-03-03 01:08:14.836+00,"{0,0,0.8994065,0.43711317}","{-30.291615,99.125336,1.89}"
2026-03-03 01:08:15.033+00,"{0,0,0.8969618,0.442108}","{-30.019491,99.324554,1.89}"
2026-03-03 01:08:15.248+00,"{0,0,0.89207405,0.45188922}","{-29.647512,99.56474,1.89}"
2026-03-03 01:08:15.524+00,"{0,0,0.8837805,0.46790174}","{-29.195168,99.82208,1.89}"
2026-03-03 01:08:15.759+00,"{0,0,0.8772796,0.47997972}","{-28.840677,100.00117,1.89}"
2026-03-03 01:08:15.972+00,"{0,0,0.8726394,0.48836508}","{-28.511538,100.184845,1.89}"
2026-03-03 01:08:16.151+00,"{0,0,0.87103015,0.49122947}","{-28.1709,100.38875,1.89}"
2026-03-03 01:08:16.33+00,"{0,0,0.8716527,0.49012396}","{-27.851631,100.55297,1.89}"
2026-03-03 01:08:16.586+00,"{0,0,0.8724445,0.48871312}","{-27.4477,100.81376,1.89}"
2026-03-03 01:08:16.837+00,"{0,0,0.8728427,0.48800153}","{-27.113003,101.020134,1.89}"
2026-03-03 01:08:17.023+00,"{0,0,0.87354803,0.48673794}","{-26.809313,101.208824,1.89}"
2026-03-03 01:08:17.208+00,"{0,0,0.87383217,0.4862276}","{-26.503773,101.41803,1.89}"
2026-03-03 01:08:17.416+00,"{0,0,0.8742867,0.48540983}","{-26.181168,101.61924,1.89}"
2026-03-03 01:08:17.638+00,"{0,0,0.8744559,0.48510495}","{-25.87253,101.81437,1.89}"
2026-03-03 01:08:17.867+00,"{0,0,0.8736128,0.48662168}","{-25.532385,102.01971,1.89}"
2026-03-03 01:08:17.969+00,"{0,0,0.87216157,0.48921788}","{-25.2664,102.17924,1.89}"
2026-03-03 01:08:18.204+00,"{0,0,0.869818,0.49337274}","{-24.910362,102.37848,1.89}"
2026-03-03 01:08:18.374+00,"{0,0,0.8684881,0.49571007}","{-24.643274,102.52615,1.89}"
2026-03-03 01:08:18.51+00,"{0,0,0.8672373,0.49789497}","{-24.342684,102.69319,1.89}"
2026-03-03 01:08:18.723+00,"{0,0,0.8665571,0.49907783}","{-24.039204,102.866455,1.89}"
2026-03-03 01:08:18.88+00,"{0,0,0.8666797,0.49886498}","{-23.745089,103.04603,1.89}"
2026-03-03 01:08:19.05+00,"{0,0,0.8676305,0.4972095}","{-23.42702,103.23674,1.89}"
2026-03-03 01:08:19.256+00,"{0,0,0.86824274,0.49613965}","{-23.083824,103.4496,1.89}"
2026-03-03 01:08:19.502+00,"{0,0,0.86960745,0.49374375}","{-22.74238,103.650894,1.89}"
2026-03-03 01:08:19.724+00,"{0,0,0.87100524,0.49127367}","{-22.413965,103.8696,1.89}"
2026-03-03 01:08:19.86+00,"{0,0,0.87252873,0.4885628}","{-22.097103,104.07801,1.89}"
2026-03-03 01:08:20.047+00,"{0,0,0.8735583,0.48671952}","{-21.750868,104.31938,1.89}"
2026-03-03 01:08:20.283+00,"{0,0,0.8745926,0.48485854}","{-21.425873,104.523476,1.89}"
2026-03-03 01:08:20.49+00,"{0,0,0.87374574,0.4863829}","{-21.127396,104.72746,1.89}"
2026-03-03 01:08:20.633+00,"{0,0,0.8716327,0.4901596}","{-20.811625,104.89343,1.89}"
2026-03-03 01:08:20.813+00,"{0,0,0.8684998,0.49568942}","{-20.496609,105.046844,1.89}"
2026-03-03 01:08:20.998+00,"{0,0,0.864103,0.5033149}","{-20.153965,105.21722,1.89}"
2026-03-03 01:08:21.287+00,"{0,0,0.85700285,0.51531154}","{-19.776266,105.38316,1.89}"
2026-03-03 01:08:21.515+00,"{0,0,0.8517014,0.52402735}","{-19.372374,105.55585,1.89}"
2026-03-03 01:08:21.737+00,"{0,0,0.8493546,0.5278226}","{-19.027008,105.724045,1.89}"
2026-03-03 01:08:21.884+00,"{0,0,0.848833,0.528661}","{-18.723957,105.8868,1.89}"
2026-03-03 01:08:22.05+00,"{0,0,0.84847,0.52924347}","{-18.42722,106.05536,1.89}"
2026-03-03 01:08:22.252+00,"{0,0,0.84834707,0.52944046}","{-18.117016,106.19867,1.89}"
2026-03-03 01:08:22.48+00,"{0,0,0.84868455,0.5288993}","{-17.72799,106.3945,1.89}"
2026-03-03 01:08:22.709+00,"{0,0,0.8492979,0.52791387}","{-17.335672,106.58605,1.89}"
2026-03-03 01:08:22.927+00,"{0,0,0.8492206,0.52803826}","{-17.055698,106.72154,1.89}"
2026-03-03 01:08:23.09+00,"{0,0,0.84912974,0.52818424}","{-16.717482,106.88644,1.89}"
2026-03-03 01:08:23.309+00,"{0,0,0.84947646,0.52762645}","{-16.34979,107.06604,1.89}"
2026-03-03 01:08:23.525+00,"{0,0,0.84893906,0.5284907}","{-15.973605,107.2556,1.89}"
2026-03-03 01:08:23.674+00,"{0,0,0.8488996,0.5285541}","{-15.68819,107.3896,1.89}"
2026-03-03 01:08:23.888+00,"{0,0,0.84899026,0.52840847}","{-15.355358,107.5645,1.89}"
2026-03-03 01:08:24.083+00,"{0,0,0.84948874,0.52760667}","{-15.040578,107.71162,1.89}"
2026-03-03 01:08:24.278+00,"{0,0,0.849543,0.5275193}","{-14.680859,107.90539,1.89}"
2026-03-03 01:08:24.47+00,"{0,0,0.8492748,0.52795094}","{-14.406141,108.04087,1.89}"
2026-03-03 01:08:24.611+00,"{0,0,0.8483019,0.5295128}","{-14.088006,108.18456,1.89}"
2026-03-03 01:08:24.824+00,"{0,0,0.84687984,0.53178424}","{-13.709404,108.344986,1.89}"
2026-03-03 01:08:25.005+00,"{0,0,0.8452555,0.5343624}","{-13.413763,108.47766,1.89}"
2026-03-03 01:08:25.151+00,"{0,0,0.84349704,0.5371338}","{-13.12844,108.601395,1.89}"
2026-03-03 01:08:25.332+00,"{0,0,0.84168345,0.53997123}","{-12.7758465,108.76876,1.89}"
2026-03-03 01:08:25.567+00,"{0,0,0.8400109,0.5425695}","{-12.428487,108.91334,1.89}"
2026-03-03 01:08:25.77+00,"{0,0,0.83878917,0.5444563}","{-12.107538,109.04668,1.89}"
2026-03-03 01:08:25.925+00,"{0,0,0.83796895,0.54571784}","{-11.798887,109.175156,1.89}"
2026-03-03 01:08:26.113+00,"{0,0,0.83709323,0.5470602}","{-11.456275,109.31777,1.89}"
2026-03-03 01:08:26.391+00,"{0,0,0.83556026,0.5493988}","{-11.061064,109.47366,1.89}"
2026-03-03 01:08:26.629+00,"{0,0,0.8302668,0.55736613}","{-10.572265,109.65624,1.89}"
2026-03-03 01:08:26.869+00,"{0,0,0.82315826,0.56781197}","{-10.237938,109.73334,1.89}"
2026-03-03 01:08:27.087+00,"{0,0,0.81307924,0.58215296}","{-9.834526,109.83136,1.89}"
2026-03-03 01:08:27.203+00,"{0,0,0.80644715,0.59130615}","{-9.529397,109.875595,1.89}"
2026-03-03 01:08:27.403+00,"{0,0,0.7975504,0.6032523}","{-9.158005,109.92435,1.89}"
2026-03-03 01:08:27.629+00,"{0,0,0.78826267,0.61533886}","{-8.803294,109.95862,1.89}"
2026-03-03 01:08:27.762+00,"{0,0,0.78004974,0.62571746}","{-8.504145,109.98436,1.89}"
2026-03-03 01:08:27.935+00,"{0,0,0.77188057,0.6357675}","{-8.1932535,109.99423,1.89}"
2026-03-03 01:08:28.181+00,"{0,0,0.7597348,0.650233}","{-7.7321706,109.99888,1.89}"
2026-03-03 01:08:28.414+00,"{0,0,0.7480969,0.6635895}","{-7.2745357,110.00677,1.89}"
2026-03-03 01:08:28.674+00,"{0,0,0.7369977,0.67589515}","{-6.862922,109.988686,1.89}"
2026-03-03 01:08:28.803+00,"{0,0,0.7274552,0.68615514}","{-6.512325,109.96513,1.89}"
2026-03-03 01:08:29.003+00,"{0,0,0.7169587,0.69711566}","{-6.149534,109.91703,1.89}"
2026-03-03 01:08:29.255+00,"{0,0,0.70402175,0.7101784}","{-5.699022,109.85962,1.89}"
2026-03-03 01:08:29.491+00,"{0,0,0.6895851,0.72420466}","{-5.2376194,109.7961,1.89}"
2026-03-03 01:08:29.729+00,"{0,0,0.67609406,0.7368154}","{-4.796385,109.70969,1.89}"
2026-03-03 01:08:29.954+00,"{0,0,0.6637858,0.7479227}","{-4.4008512,109.60629,1.89}"
2026-03-03 01:08:30.203+00,"{0,0,0.64817196,0.76149404}","{-3.9319236,109.48166,1.89}"
2026-03-03 01:08:30.415+00,"{0,0,0.63840044,0.76970446}","{-3.6297479,109.38746,1.89}"
2026-03-03 01:08:30.55+00,"{0,0,0.6282106,0.7780434}","{-3.3297079,109.29089,1.89}"
2026-03-03 01:08:30.748+00,"{0,0,0.6165862,0.7872875}","{-3.0048244,109.17096,1.89}"
2026-03-03 01:08:30.968+00,"{0,0,0.60521936,0.7960588}","{-2.6483788,109.03601,1.89}"
2026-03-03 01:08:31.103+00,"{0,0,0.59631836,0.8027481}","{-2.3081977,108.900856,1.89}"
2026-03-03 01:08:31.303+00,"{0,0,0.5899902,0.8074105}","{-1.9882208,108.775,1.89}"
2026-03-03 01:08:31.545+00,"{0,0,0.5845211,0.81137854}","{-1.5576166,108.59861,1.89}"
2026-03-03 01:08:31.795+00,"{0,0,0.58032596,0.81438434}","{-1.1786611,108.46702,1.89}"
2026-03-03 01:08:31.98+00,"{0,0,0.57847977,0.8156968}","{-0.8959874,108.35269,1.89}"
2026-03-03 01:08:32.104+00,"{0,0,0.57877004,0.81549084}","{-0.56956005,108.2468,1.89}"
2026-03-03 01:08:32.29+00,"{0,0,0.5828352,0.8125904}","{-0.1988529,108.13679,1.89}"
2026-03-03 01:08:32.536+00,"{0,0,0.59346056,0.8048631}","{0.22217402,108.053055,1.89}"
2026-03-03 01:08:32.654+00,"{0,0,0.60251725,0.7981059}","{0.5335896,108.018295,1.89}"
2026-03-03 01:08:32.85+00,"{0,0,0.6148143,0.788672}","{0.87506557,107.985825,1.89}"
2026-03-03 01:08:33.052+00,"{0,0,0.62643397,0.7794745}","{1.2081562,107.96454,1.89}"
2026-03-03 01:08:33.21+00,"{0,0,0.63873583,0.76942617}","{1.519156,107.95433,1.89}"
2026-03-03 01:08:33.386+00,"{0,0,0.6548246,0.75578094}","{1.9102322,107.98034,1.89}"
2026-03-03 01:08:33.584+00,"{0,0,0.67432326,0.73843634}","{2.291448,108.040504,1.89}"
2026-03-03 01:08:33.825+00,"{0,0,0.7019464,0.7122298}","{2.6818504,108.148766,1.89}"
2026-03-03 01:08:33.966+00,"{0,0,0.7245649,0.68920654}","{2.967517,108.24101,1.89}"
2026-03-03 01:08:34.111+00,"{0,0,0.7473398,0.664442}","{3.246013,108.375046,1.89}"
2026-03-03 01:08:34.335+00,"{0,0,0.77423984,0.63289225}","{3.5262535,108.555405,1.89}"
2026-03-03 01:08:34.468+00,"{0,0,0.7975419,0.60326344}","{3.7812483,108.75022,1.89}"
2026-03-03 01:08:34.661+00,"{0,0,0.82421917,0.5662708}","{4.0634065,109.00671,1.89}"
2026-03-03 01:08:34.911+00,"{0,0,0.8528968,0.52207947}","{4.364206,109.33901,1.89}"
2026-03-03 01:08:35.129+00,"{0,0,0.8725813,0.48846886}","{4.580367,109.625145,1.89}"
2026-03-03 01:08:35.279+00,"{0,0,0.8903287,0.45531833}","{4.7830215,109.91487,1.89}"
2026-03-03 01:08:35.474+00,"{0,0,0.9047518,0.42593917}","{5.0134745,110.22448,1.89}"
2026-03-03 01:08:35.706+00,"{0,0,0.91844153,0.39555666}","{5.234031,110.57847,1.89}"
2026-03-03 01:08:35.908+00,"{0,0,0.9283243,0.37177145}","{5.4193616,110.85039,1.89}"
2026-03-03 01:08:36.045+00,"{0,0,0.93774116,0.3473348}","{5.5752916,111.166916,1.89}"
2026-03-03 01:08:36.243+00,"{0,0,0.94598,0.32422492}","{5.7466354,111.50766,1.89}"
2026-03-03 01:08:36.466+00,"{0,0,0.9523245,0.30508685}","{5.9270234,111.81149,1.89}"
2026-03-03 01:08:36.683+00,"{0,0,0.9552656,0.29574934}","{6.0892644,112.1293,1.89}"
2026-03-03 01:08:36.882+00,"{0,0,0.9564831,0.29178765}","{6.26484,112.41225,1.89}"
2026-03-03 01:08:37.102+00,"{0,0,0.9551531,0.2961123}","{6.48773,112.723526,1.89}"
2026-03-03 01:08:37.438+00,"{0,0,0.95116895,0.30867073}","{6.729658,112.985886,1.89}"
2026-03-03 01:08:37.741+00,"{0,0,0.9469803,0.3212916}","{6.9465737,113.2097,1.89}"
2026-03-03 01:08:38.203+00,"{0,0,0.943036,0.33269066}","{7.167181,113.42977,1.89}"
2026-03-03 01:08:40.019+00,"{0,0,0.94640297,0.32298824}","{6.9179673,113.166504,1.89}"
2026-03-03 01:08:40.333+00,"{0,0,0.95163405,0.30723378}","{6.585815,112.7962,1.89}"
2026-03-03 01:08:40.552+00,"{0,0,0.9544908,0.2982404}","{6.3801174,112.57229,1.89}"
2026-03-03 01:08:40.838+00,"{0,0,0.95753866,0.28830487}","{6.166816,112.30199,1.89}"
2026-03-03 01:08:41.138+00,"{0,0,0.9598623,0.28047177}","{5.969849,112.04982,1.89}"
2026-03-03 01:08:42.151+00,"{0,0,0.9585843,0.284809}","{6.1628466,112.35272,1.89}"
2026-03-03 01:08:42.386+00,"{0,0,0.9573255,0.28901187}","{6.3415976,112.6571,1.89}"
2026-03-03 01:08:42.624+00,"{0,0,0.95591384,0.29364717}","{6.587868,112.9744,1.89}"
2026-03-03 01:08:42.892+00,"{0,0,0.954418,0.29847327}","{6.857265,113.34407,1.89}"
2026-03-03 01:08:43.137+00,"{0,0,0.9551645,0.2960757}","{7.059338,113.64982,1.89}"
2026-03-03 01:08:43.362+00,"{0,0,0.9578205,0.28736728}","{7.222382,113.98168,1.89}"
2026-03-03 01:08:43.575+00,"{0,0,0.96245396,0.27144492}","{7.325891,114.26888,1.89}"
2026-03-03 01:08:43.936+00,"{0,0,0.9704232,0.24140997}","{7.375301,114.57696,1.89}"
2026-03-03 01:08:44.919+00,"{0,0,0.9462636,0.3233963}","{7.5274434,114.2552,1.89}"
2026-03-03 01:08:45.16+00,"{0,0,0.9122998,0.40952292}","{7.6757245,113.94657,1.89}"
2026-03-03 01:08:45.29+00,"{0,0,0.87494767,0.48421746}","{7.7564845,113.63736,1.89}"
2026-03-03 01:08:45.509+00,"{0,0,0.8297233,0.55817485}","{7.7504916,113.246956,1.89}"
2026-03-03 01:08:45.772+00,"{0,0,0.7848594,0.6196738}","{7.7013216,112.93955,1.89}"
2026-03-03 01:08:46.04+00,"{0,0,0.7448649,0.6672153}","{7.5269294,112.63934,1.89}"
2026-03-03 01:08:46.485+00,"{0,0,0.7151343,0.69898707}","{7.2272983,112.46849,1.89}"
2026-03-03 01:08:46.793+00,"{0,0,0.7024117,0.7117709}","{6.86341,112.38534,1.89}"
2026-03-03 01:08:47.04+00,"{0,0,0.7014198,0.71274847}","{6.5594444,112.40509,1.89}"
2026-03-03 01:08:47.414+00,"{0,0,0.70727944,0.7069341}","{6.218063,112.43873,1.89}"
2026-03-03 01:08:47.966+00,"{0,0,0.70908177,0.7051263}","{5.891884,112.45359,1.89}"
2026-03-03 01:08:48.503+00,"{0,0,0.69634676,0.71770555}","{5.5510187,112.38395,1.89}"
2026-03-03 01:08:49.276+00,"{0,0,0.67687136,0.7361014}","{5.2368464,112.29196,1.89}"
2026-03-03 01:08:50.501+00,"{0,0,0.6743879,0.7383773}","{5.5595055,112.24449,1.89}"
2026-03-03 01:08:50.829+00,"{0,0,0.667997,0.744164}","{5.867221,112.188515,1.89}"
2026-03-03 01:08:52.188+00,"{0,0,0.7001966,0.7139501}","{5.5250173,112.355316,1.89}"
2026-03-03 01:08:53.568+00,"{0,0,0.6649808,0.7468605}","{5.7767444,112.12336,1.89}"
2026-03-03 01:08:54.814+00,"{0,0,0.7099249,0.7042774}","{5.528285,112.35672,1.89}"
2026-03-03 01:08:56.262+00,"{0,0,0.6777426,0.7352993}","{5.801277,112.22757,1.89}"
2026-03-03 01:08:58.963+00,"{0,0,0.6446852,0.7644482}","{6.0825343,112.06428,1.89}"
2026-03-03 01:09:03.966+00,"{0,0,0.64251035,0.7662771}","{6.2793536,112.00449,1.89}"
2026-03-03 01:09:07.709+00,"{0,0,0.59023213,0.80723363}","{6.0087514,111.833176,1.89}"
2026-03-03 01:09:08.092+00,"{0,0,0.54248583,0.840065}","{5.701506,111.72731,1.89}"
2026-03-03 01:09:08.539+00,"{0,0,0.5133587,0.85817415}","{5.309873,111.776245,1.89}"
2026-03-03 01:09:08.812+00,"{0,0,0.5083533,0.86114866}","{5.0348544,111.90955,1.89}"
2026-03-03 01:09:09.078+00,"{0,0,0.5125161,0.8586777}","{4.764087,112.08592,1.89}"
2026-03-03 01:09:09.368+00,"{0,0,0.52196676,0.85296583}","{4.47209,112.28102,1.89}"
2026-03-03 01:09:09.68+00,"{0,0,0.5321543,0.84664744}","{4.2112627,112.47104,1.89}"
2026-03-03 01:09:10.143+00,"{0,0,0.5431239,0.8396526}","{3.9386451,112.63314,1.89}"
2026-03-03 01:09:11.764+00,"{0,0,0.54877734,0.83596855}","{4.248304,112.524956,1.89}"
2026-03-03 01:09:12.022+00,"{0,0,0.5529624,0.83320624}","{4.541523,112.412605,1.89}"
2026-03-03 01:09:12.314+00,"{0,0,0.55869395,0.82937396}","{4.8612,112.30294,1.89}"
2026-03-03 01:09:12.555+00,"{0,0,0.56631666,0.8241878}","{5.2068996,112.20324,1.89}"
2026-03-03 01:09:12.787+00,"{0,0,0.57746774,0.8164135}","{5.540502,112.13082,1.89}"
2026-03-03 01:09:13.064+00,"{0,0,0.5957778,0.80314934}","{5.91328,112.09524,1.89}"
2026-03-03 01:09:13.3+00,"{0,0,0.6182655,0.7859694}","{6.257009,112.100044,1.89}"
2026-03-03 01:09:13.505+00,"{0,0,0.64488876,0.7642765}","{6.600873,112.16142,1.89}"
2026-03-03 01:09:13.662+00,"{0,0,0.6745278,0.7382495}","{6.908429,112.26317,1.89}"
2026-03-03 01:09:13.856+00,"{0,0,0.71548486,0.69862825}","{7.24761,112.455666,1.89}"
2026-03-03 01:09:14.113+00,"{0,0,0.765224,0.643764}","{7.563263,112.7343,1.89}"
2026-03-03 01:09:14.299+00,"{0,0,0.80257916,0.5965456}","{7.753923,113.00704,1.89}"
2026-03-03 01:09:14.458+00,"{0,0,0.845328,0.53424764}","{7.9016643,113.33954,1.89}"
2026-03-03 01:09:14.626+00,"{0,0,0.87655425,0.481303}","{7.992121,113.629364,1.89}"
2026-03-03 01:09:14.844+00,"{0,0,0.90625197,0.42273793}","{8.038602,113.94336,1.89}"
2026-03-03 01:09:15.052+00,"{0,0,0.9286089,0.37105998}","{8.074185,114.254,1.89}"
2026-03-03 01:09:15.535+00,"{0,0,0.9433646,0.3317577}","{8.128647,114.56288,1.89}"
2026-03-03 01:09:16.166+00,"{0,0,0.9390172,0.3438702}","{7.953593,114.26235,1.89}"
2026-03-03 01:09:16.437+00,"{0,0,0.9403572,0.34018868}","{7.725891,114.00698,1.89}"
2026-03-03 01:09:16.689+00,"{0,0,0.94463813,0.32811394}","{7.49221,113.807594,1.89}"
2026-03-03 01:09:17.117+00,"{0,0,0.95088744,0.30953693}","{7.227876,113.55776,1.89}"
2026-03-03 01:09:18.446+00,"{0,0,0.95283496,0.3034889}","{7.0432644,113.31481,1.89}"
2026-03-03 01:09:20.092+00,"{0,0,0.9524581,0.30466956}","{6.8421445,113.02311,1.89}"
2026-03-03 01:09:20.457+00,"{0,0,0.9582923,0.28578982}","{6.601928,112.80065,1.89}"
2026-03-03 01:09:20.775+00,"{0,0,0.9617714,0.2738534}","{6.384495,112.552315,1.89}"
2026-03-03 01:09:21.237+00,"{0,0,0.96333057,0.26831725}","{6.1865954,112.27761,1.89}"
2026-03-03 01:09:22.76+00,"{0,0,0.9561394,0.292912}","{6.464208,112.57347,1.89}"
2026-03-03 01:09:23.009+00,"{0,0,0.9507875,0.30984372}","{6.6919413,112.80798,1.89}"
2026-03-03 01:09:23.241+00,"{0,0,0.9450766,0.32684892}","{6.9244275,113.018265,1.89}"
2026-03-03 01:09:23.538+00,"{0,0,0.93438387,0.3562679}","{7.262135,113.29226,1.89}"
2026-03-03 01:09:23.693+00,"{0,0,0.92460907,0.38091737}","{7.5523653,113.444496,1.89}"
2026-03-03 01:09:23.904+00,"{0,0,0.912901,0.40818107}","{7.823604,113.59687,1.89}"
2026-03-03 01:09:24.211+00,"{0,0,0.89959764,0.43671972}","{8.164991,113.75055,1.89}"
2026-03-03 01:09:24.595+00,"{0,0,0.8911483,0.45371208}","{8.495752,113.91978,1.89}"
2026-03-03 01:09:26.023+00,"{0,0,0.86034554,0.50971115}","{8.439715,113.6181,1.89}"
2026-03-03 01:09:26.443+00,"{0,0,0.8139961,0.58087033}","{8.45805,113.28984,1.89}"
2026-03-03 01:09:26.889+00,"{0,0,0.7633802,0.64594936}","{8.409655,112.96463,1.89}"
2026-03-03 01:09:27.389+00,"{0,0,0.7169027,0.6971733}","{8.224298,112.68728,1.89}"
2026-03-03 01:09:28.023+00,"{0,0,0.69543415,0.7185898}","{7.923861,112.5712,1.89}"
2026-03-03 01:09:28.438+00,"{0,0,0.6900436,0.72376776}","{7.6112795,112.54303,1.89}"
2026-03-03 01:09:28.835+00,"{0,0,0.69265515,0.72126895}","{7.2937818,112.56885,1.89}"
2026-03-03 01:09:29.224+00,"{0,0,0.69905066,0.7150721}","{6.888585,112.582695,1.89}"
2026-03-03 01:09:29.549+00,"{0,0,0.7035057,0.7106896}","{6.5797634,112.62647,1.89}"
2026-03-03 01:09:29.953+00,"{0,0,0.70682067,0.70739275}","{6.26154,112.636856,1.89}"
2026-03-03 01:09:30.429+00,"{0,0,0.70776916,0.7064438}","{5.948045,112.63286,1.89}"
2026-03-03 01:09:32.494+00,"{0,0,0.7259622,0.6877346}","{6.238094,112.773926,1.89}"
2026-03-03 01:09:32.9+00,"{0,0,0.7424153,0.6699399}","{6.5180087,112.89094,1.89}"
2026-03-03 01:09:33.227+00,"{0,0,0.76665044,0.64206463}","{6.8224716,113.07377,1.89}"
2026-03-03 01:09:33.662+00,"{0,0,0.79157054,0.6110777}","{7.0629206,113.267426,1.89}"
2026-03-03 01:09:34.26+00,"{0,0,0.8124181,0.5830753}","{7.311287,113.48983,1.89}"
2026-03-03 01:09:34.705+00,"{0,0,0.8215115,0.57019186}","{7.5798583,113.66568,1.89}"
2026-03-03 01:09:35.004+00,"{0,0,0.82398874,0.5666061}","{7.91489,113.80884,1.89}"
2026-03-03 01:09:35.289+00,"{0,0,0.82111067,0.570769}","{8.224245,113.898674,1.89}"
2026-03-03 01:09:35.587+00,"{0,0,0.81570077,0.578474}","{8.563529,113.99772,1.89}"
2026-03-03 01:09:35.832+00,"{0,0,0.8118631,0.58384776}","{8.895067,114.07751,1.89}"
2026-03-03 01:09:36.107+00,"{0,0,0.81251734,0.582937}","{9.228138,114.19287,1.89}"
2026-03-03 01:09:36.527+00,"{0,0,0.8205842,0.57152563}","{9.535656,114.35569,1.89}"
2026-03-03 01:09:37.595+00,"{0,0,0.7745716,0.63248616}","{9.467185,114.04822,1.89}"
2026-03-03 01:09:37.871+00,"{0,0,0.7192006,0.69480246}","{9.36547,113.7364,1.89}"
2026-03-03 01:09:38.077+00,"{0,0,0.6639791,0.7477512}","{9.199258,113.468895,1.89}"
2026-03-03 01:09:38.367+00,"{0,0,0.6055672,0.7957942}","{8.950092,113.23466,1.89}"
2026-03-03 01:09:38.677+00,"{0,0,0.55136216,0.83426607}","{8.656106,113.049965,1.89}"
2026-03-03 01:09:39.216+00,"{0,0,0.508716,0.86093444}","{8.3038845,113.02661,1.89}"
2026-03-03 01:09:39.828+00,"{0,0,0.49503723,0.86887175}","{7.998153,113.12412,1.89}"
2026-03-03 01:09:40.713+00,"{0,0,0.49789783,0.8672357}","{7.7378297,113.2874,1.89}"
2026-03-03 01:09:42.509+00,"{0,0,0.51403916,0.85776675}","{7.501696,113.49166,1.89}"
2026-03-03 01:09:43.296+00,"{0,0,0.53673047,0.8437538}","{7.260897,113.723145,1.89}"
2026-03-03 01:09:45.492+00,"{0,0,0.51740056,0.85574335}","{7.503786,113.52158,1.89}"
2026-03-03 01:09:46.004+00,"{0,0,0.49777648,0.8673054}","{7.749963,113.29575,1.89}"
2026-03-03 01:09:46.438+00,"{0,0,0.48551896,0.87422615}","{8.009168,113.08011,1.89}"
2026-03-03 01:09:47.89+00,"{0,0,0.43337506,0.90121365}","{7.6841574,113.059944,1.89}"
2026-03-03 01:09:48.192+00,"{0,0,0.38604873,0.9224784}","{7.3249063,113.11756,1.89}"
2026-03-03 01:09:48.446+00,"{0,0,0.3451273,0.9385559}","{7.016114,113.21267,1.89}"
2026-03-03 01:09:48.661+00,"{0,0,0.3081618,0.951334}","{6.7425175,113.34597,1.89}"
2026-03-03 01:09:48.959+00,"{0,0,0.2796885,0.9600908}","{6.491618,113.516975,1.89}"
2026-03-03 01:09:49.257+00,"{0,0,0.25868252,0.9659624}","{6.251806,113.76001,1.89}"
2026-03-03 01:09:49.686+00,"{0,0,0.24472126,0.96959347}","{6.0544353,114.025116,1.89}"
2026-03-03 01:09:51.41+00,"{0,0,0.25557545,0.9667891}","{6.272162,113.689644,1.89}"
2026-03-03 01:09:51.655+00,"{0,0,0.27604878,0.9611436}","{6.5374975,113.38092,1.89}"
2026-03-03 01:09:51.876+00,"{0,0,0.29848143,0.95441544}","{6.7634215,113.17832,1.89}"
2026-03-03 01:09:52.104+00,"{0,0,0.33049083,0.9438092}","{7.0260153,113.00926,1.89}"
2026-03-03 01:09:52.229+00,"{0,0,0.37217298,0.9281634}","{7.3486576,112.876434,1.89}"
2026-03-03 01:09:52.435+00,"{0,0,0.41901916,0.9079774}","{7.649597,112.7993,1.89}"
2026-03-03 01:09:52.652+00,"{0,0,0.47600672,0.8794417}","{7.9997745,112.80038,1.89}"
2026-03-03 01:09:52.862+00,"{0,0,0.5264283,0.85021955}","{8.301508,112.85496,1.89}"
2026-03-03 01:09:52.956+00,"{0,0,0.5819339,0.8132361}","{8.61824,112.979904,1.89}"
2026-03-03 01:09:53.234+00,"{0,0,0.655761,0.75496864}","{8.924593,113.189186,1.89}"
2026-03-03 01:09:53.466+00,"{0,0,0.69084316,0.72300464}","{9.176673,113.37346,1.89}"
2026-03-03 01:09:53.7+00,"{0,0,0.74149305,0.67096055}","{9.434774,113.64866,1.89}"
2026-03-03 01:09:54.023+00,"{0,0,0.7784973,0.62764794}","{9.671377,113.89979,1.89}"
2026-03-03 01:09:55.483+00,"{0,0,0.79563105,0.60578144}","{9.366524,113.91326,1.89}"
2026-03-03 01:09:55.803+00,"{0,0,0.8142417,0.58052593}","{8.98719,113.92233,1.89}"
2026-03-03 01:09:56.091+00,"{0,0,0.8374148,0.5465678}","{8.652358,113.940025,1.89}"
2026-03-03 01:09:56.357+00,"{0,0,0.86428875,0.5029959}","{8.337242,113.97697,1.89}"
2026-03-03 01:09:56.611+00,"{0,0,0.88675207,0.46224535}","{8.03631,113.98511,1.89}"
2026-03-03 01:09:56.897+00,"{0,0,0.91174173,0.41076395}","{7.6858234,113.97211,1.89}"
2026-03-03 01:09:57.166+00,"{0,0,0.93050426,0.366281}","{7.3578777,113.92957,1.89}"
2026-03-03 01:09:57.558+00,"{0,0,0.95230114,0.30515972}","{7.0050755,113.81963,1.89}"
2026-03-03 01:09:57.758+00,"{0,0,0.9663073,0.25739124}","{6.720422,113.70466,1.89}"
2026-03-03 01:09:58.028+00,"{0,0,0.9790288,0.20372178}","{6.4207697,113.54153,1.89}"
2026-03-03 01:09:58.274+00,"{0,0,0.9891566,0.1468645}","{6.1331744,113.322914,1.89}"
2026-03-03 01:09:58.539+00,"{0,0,0.99543315,0.0954609}","{5.8830414,113.10842,1.89}"
2026-03-03 01:09:58.725+00,"{0,0,0.9986418,0.052101124}","{5.6804595,112.85384,1.89}"
2026-03-03 01:09:58.911+00,"{0,0,0.9998077,0.019608079}","{5.544993,112.57583,1.89}"
2026-03-03 01:09:59.178+00,"{0,0,0.9998564,-0.016944652}","{5.4107685,112.2344,1.89}"
2026-03-03 01:09:59.459+00,"{0,0,0.99876994,-0.049584676}","{5.3151307,111.88234,1.89}"
2026-03-03 01:09:59.74+00,"{0,0,0.9969611,-0.077901185}","{5.25935,111.47563,1.89}"
2026-03-03 01:09:59.998+00,"{0,0,0.99528444,-0.096999355}","{5.2302403,111.14325,1.89}"
2026-03-03 01:10:00.283+00,"{0,0,0.99391955,-0.11010897}","{5.2605724,110.76355,1.89}"
2026-03-03 01:10:00.527+00,"{0,0,0.9927849,-0.1199087}","{5.3023562,110.43158,1.89}"
2026-03-03 01:10:00.816+00,"{0,0,0.99154013,-0.12980044}","{5.3496575,110.091034,1.89}"
2026-03-03 01:10:01.063+00,"{0,0,0.9902669,-0.13918135}","{5.396612,109.756676,1.89}"
2026-03-03 01:10:01.352+00,"{0,0,0.9888717,-0.1487711}","{5.4632425,109.41559,1.89}"
2026-03-03 01:10:01.617+00,"{0,0,0.9872234,-0.15934229}","{5.535307,109.05281,1.89}"
2026-03-03 01:10:01.894+00,"{0,0,0.98563653,-0.16888066}","{5.610697,108.736404,1.89}"
2026-03-03 01:10:02.175+00,"{0,0,0.98410434,-0.17759126}","{5.695418,108.41183,1.89}"
2026-03-03 01:10:02.515+00,"{0,0,0.9824724,-0.18640812}","{5.77185,108.07987,1.89}"
2026-03-03 01:10:02.75+00,"{0,0,0.9806511,-0.19576389}","{5.8552804,107.76367,1.89}"
2026-03-03 01:10:02.999+00,"{0,0,0.97834176,-0.20699626}","{5.9347043,107.44812,1.89}"
2026-03-03 01:10:03.273+00,"{0,0,0.9745531,-0.22415677}","{6.0139394,107.10675,1.89}"
2026-03-03 01:10:03.5+00,"{0,0,0.9687897,-0.24788424}","{6.087555,106.805824,1.89}"
2026-03-03 01:10:03.808+00,"{0,0,0.9603713,-0.27872387}","{6.156401,106.44045,1.89}"
2026-03-03 01:10:04.073+00,"{0,0,0.95078474,-0.3098522}","{6.2412314,106.110374,1.89}"
2026-03-03 01:10:04.366+00,"{0,0,0.9380288,-0.34655735}","{6.3461046,105.7481,1.89}"
2026-03-03 01:10:04.609+00,"{0,0,0.92615837,-0.37713486}","{6.4740686,105.44153,1.89}"
2026-03-03 01:10:04.887+00,"{0,0,0.914033,-0.40563986}","{6.611044,105.124626,1.89}"
2026-03-03 01:10:05.155+00,"{0,0,0.9017495,-0.43225908}","{6.79197,104.83975,1.89}"
2026-03-03 01:10:05.447+00,"{0,0,0.8922393,-0.451563}","{6.9699645,104.589905,1.89}"
2026-03-03 01:10:05.744+00,"{0,0,0.88260293,-0.4701192}","{7.212101,104.33847,1.89}"
2026-03-03 01:10:06.086+00,"{0,0,0.8765437,-0.4813223}","{7.46822,104.12363,1.89}"
2026-03-03 01:10:06.394+00,"{0,0,0.87120897,-0.49091235}","{7.7570496,103.898056,1.89}"
2026-03-03 01:10:06.711+00,"{0,0,0.8665914,-0.49901843}","{8.019613,103.709015,1.89}"
2026-03-03 01:10:07.088+00,"{0,0,0.86196077,-0.506975}","{8.270228,103.54304,1.89}"
2026-03-03 01:10:07.419+00,"{0,0,0.85717875,-0.5150191}","{8.530198,103.35992,1.89}"
2026-03-03 01:10:07.887+00,"{0,0,0.85137147,-0.5245633}","{8.846712,103.154205,1.89}"
2026-03-03 01:10:08.348+00,"{0,0,0.8464885,-0.53240705}","{9.12573,102.99727,1.89}"
2026-03-03 01:10:08.763+00,"{0,0,0.84157485,-0.54014057}","{9.392539,102.8302,1.89}"
2026-03-03 01:10:09.184+00,"{0,0,0.8371904,-0.54691166}","{9.648867,102.66508,1.89}"
2026-03-03 01:10:09.637+00,"{0,0,0.831848,-0.5550035}","{9.938063,102.50767,1.89}"
2026-03-03 01:10:09.978+00,"{0,0,0.82706994,-0.56209904}","{10.208362,102.35883,1.89}"
2026-03-03 01:10:10.262+00,"{0,0,0.8224216,-0.56887853}","{10.494068,102.22051,1.89}"
2026-03-03 01:10:10.56+00,"{0,0,0.81827146,-0.5748321}","{10.762079,102.08344,1.89}"
2026-03-03 01:10:10.947+00,"{0,0,0.8138597,-0.5810615}","{11.089178,101.94749,1.89}"
2026-03-03 01:10:11.345+00,"{0,0,0.8119967,-0.58366203}","{11.456493,101.80032,1.89}"
2026-03-03 01:10:11.658+00,"{0,0,0.8128934,-0.5824126}","{11.765709,101.698235,1.89}"
2026-03-03 01:10:12.02+00,"{0,0,0.81446403,-0.58021414}","{12.098011,101.60001,1.89}"
2026-03-03 01:10:12.331+00,"{0,0,0.81665736,-0.57712287}","{12.458702,101.49491,1.89}"
2026-03-03 01:10:12.633+00,"{0,0,0.81947,-0.57312214}","{12.810324,101.39852,1.89}"
2026-03-03 01:10:12.899+00,"{0,0,0.82204795,-0.5694183}","{13.146689,101.29331,1.89}"
2026-03-03 01:10:13.15+00,"{0,0,0.8243176,-0.5661277}","{13.438231,101.18509,1.89}"
2026-03-03 01:10:13.496+00,"{0,0,0.82668996,-0.56265783}","{13.753727,101.07189,1.89}"
2026-03-03 01:10:13.743+00,"{0,0,0.82883626,-0.55949134}","{14.0510845,100.96785,1.89}"
2026-03-03 01:10:13.959+00,"{0,0,0.83232844,-0.5542828}","{14.369588,100.87742,1.89}"
2026-03-03 01:10:14.159+00,"{0,0,0.83839583,-0.5450619}","{14.658509,100.78879,1.89}"
2026-03-03 01:10:14.548+00,"{0,0,0.8480979,-0.5298396}","{15.0267105,100.70667,1.89}"
2026-03-03 01:10:14.78+00,"{0,0,0.8563588,-0.5163812}","{15.340438,100.61827,1.89}"
2026-03-03 01:10:15.038+00,"{0,0,0.8643227,-0.5029377}","{15.642915,100.5237,1.89}"
2026-03-03 01:10:15.288+00,"{0,0,0.87258816,-0.4884567}","{15.9353075,100.42582,1.89}"
2026-03-03 01:10:15.553+00,"{0,0,0.88103735,-0.4730467}","{16.241339,100.30218,1.89}"
2026-03-03 01:10:15.891+00,"{0,0,0.8925892,-0.4508709}","{16.640074,100.1181,1.89}"
2026-03-03 01:10:16.134+00,"{0,0,0.90098524,-0.43384975}","{16.939844,99.97322,1.89}"
2026-03-03 01:10:16.422+00,"{0,0,0.91014963,-0.4142797}","{17.255606,99.806145,1.89}"
2026-03-03 01:10:16.657+00,"{0,0,0.9184245,-0.39559633}","{17.528612,99.65387,1.89}"
2026-03-03 01:10:16.943+00,"{0,0,0.9267963,-0.37556434}","{17.79755,99.488304,1.89}"
2026-03-03 01:10:17.187+00,"{0,0,0.93435824,-0.35633513}","{18.055557,99.32336,1.89}"
2026-03-03 01:10:17.428+00,"{0,0,0.94169956,-0.33645496}","{18.308302,99.140915,1.89}"
2026-03-03 01:10:17.691+00,"{0,0,0.9490533,-0.3151157}","{18.565231,98.94482,1.89}"
2026-03-03 01:10:18.039+00,"{0,0,0.95625937,-0.29252014}","{18.826733,98.73023,1.89}"
2026-03-03 01:10:18.327+00,"{0,0,0.96372384,-0.26690143}","{19.12886,98.441864,1.89}"
2026-03-03 01:10:18.572+00,"{0,0,0.9694612,-0.24524483}","{19.350494,98.21296,1.89}"
2026-03-03 01:10:18.868+00,"{0,0,0.97542536,-0.22033004}","{19.592648,97.94346,1.89}"
2026-03-03 01:10:19.171+00,"{0,0,0.98127216,-0.19262636}","{19.823532,97.65349,1.89}"
2026-03-03 01:10:19.569+00,"{0,0,0.98621976,-0.16544056}","{20.047657,97.3661,1.89}"
2026-03-03 01:10:19.839+00,"{0,0,0.9901365,-0.14010625}","{20.268045,97.08096,1.89}"
2026-03-03 01:10:20.121+00,"{0,0,0.9933683,-0.11497569}","{20.438635,96.800804,1.89}"
2026-03-03 01:10:20.454+00,"{0,0,0.9959355,-0.0900696}","{20.596783,96.508804,1.89}"
2026-03-03 01:10:20.867+00,"{0,0,0.99766445,-0.0683058}","{20.74169,96.239746,1.89}"
2026-03-03 01:10:25.925+00,"{0,0,0.9984297,-0.05601873}","{20.835426,96.065895,1.89}"
2026-03-03 01:10:30.937+00,"{0,0,0.99844015,-0.055832148}","{20.843935,96.0528,1.89}"
2026-03-03 01:10:35.941+00,"{0,0,0.99844694,-0.055711225}","{20.844528,96.04992,1.89}"
2026-03-03 01:10:40.975+00,"{0,0,0.9984523,-0.055615235}","{20.844753,96.04989,1.89}"
2026-03-03 01:10:46.006+00,"{0,0,0.9984547,-0.055571783}","{20.845438,96.0491,1.89}"
2026-03-03 01:10:51.033+00,"{0,0,0.99845666,-0.05553683}","{20.844992,96.04778,1.89}"
2026-03-03 01:10:56.099+00,"{0,0,0.9984555,-0.055556607}","{20.846252,96.04817,1.89}"
2026-03-03 01:11:01.054+00,"{0,0,0.9984568,-0.055534948}","{20.845596,96.047806,1.89}"
2026-03-03 01:11:06.089+00,"{0,0,0.9984581,-0.05551048}","{20.846336,96.048035,1.89}"
2026-03-03 01:11:11.095+00,"{0,0,0.9984597,-0.05548171}","{20.84584,96.04743,1.89}"
2026-03-03 01:11:16.211+00,"{0,0,0.99846065,-0.05546434}","{20.844696,96.04792,1.89}"
2026-03-03 01:11:21.204+00,"{0,0,0.9984679,-0.055334084}","{20.841028,96.0509,1.89}"
2026-03-03 01:11:22.375+00,"{0,0,0.9996281,-0.027269643}","{20.959944,95.764725,1.89}"
2026-03-03 01:11:22.663+00,"{0,0,0.9998681,0.016242778}","{21.09843,95.490685,1.89}"
2026-03-03 01:11:22.846+00,"{0,0,0.9986204,0.052509885}","{21.232677,95.22162,1.89}"
2026-03-03 01:11:23.103+00,"{0,0,0.9942614,0.10697817}","{21.381433,94.8421,1.89}"
2026-03-03 01:11:23.262+00,"{0,0,0.9879687,0.154654}","{21.470318,94.50609,1.89}"
2026-03-03 01:11:23.426+00,"{0,0,0.9811011,0.19349593}","{21.526114,94.20166,1.89}"
2026-03-03 01:11:23.638+00,"{0,0,0.97275156,0.23185001}","{21.547226,93.88956,1.89}"
2026-03-03 01:11:23.714+00,"{0,0,0.9624631,0.2714127}","{21.520224,93.53488,1.89}"
2026-03-03 01:11:23.959+00,"{0,0,0.94910944,0.31494644}","{21.445024,93.120865,1.89}"
2026-03-03 01:11:24.107+00,"{0,0,0.9376606,0.3475524}","{21.3605,92.78214,1.89}"
2026-03-03 01:11:24.228+00,"{0,0,0.92657244,0.3761163}","{21.25372,92.485504,1.89}"
2026-03-03 01:11:24.456+00,"{0,0,0.9095104,0.4156812}","{21.10021,92.05873,1.89}"
2026-03-03 01:11:24.756+00,"{0,0,0.8858006,0.46406597}","{20.817326,91.62795,1.89}"
2026-03-03 01:11:24.945+00,"{0,0,0.87126184,0.49081844}","{20.637463,91.334656,1.89}"
2026-03-03 01:11:25.091+00,"{0,0,0.8546993,0.5191233}","{20.420462,91.07649,1.89}"
2026-03-03 01:11:25.302+00,"{0,0,0.83640265,0.54811543}","{20.162994,90.820244,1.89}"
2026-03-03 01:11:25.494+00,"{0,0,0.82064265,0.57144165}","{19.931759,90.615776,1.89}"
2026-03-03 01:11:25.629+00,"{0,0,0.8040171,0.59460604}","{19.667652,90.424126,1.89}"
2026-03-03 01:11:25.819+00,"{0,0,0.7894289,0.61384195}","{19.414108,90.25719,1.89}"
2026-03-03 01:11:26.008+00,"{0,0,0.7713083,0.6364617}","{19.043982,90.07551,1.89}"
2026-03-03 01:11:26.238+00,"{0,0,0.75600874,0.65456146}","{18.712744,89.9424,1.89}"
2026-03-03 01:11:26.405+00,"{0,0,0.74550134,0.6665041}","{18.43065,89.83448,1.89}"
2026-03-03 01:11:26.606+00,"{0,0,0.73495096,0.67812026}","{18.114252,89.767555,1.89}"
2026-03-03 01:11:26.828+00,"{0,0,0.72658384,0.6870778}","{17.724077,89.69085,1.89}"
2026-03-03 01:11:27.097+00,"{0,0,0.72303,0.69081664}","{17.350296,89.64967,1.89}"
2026-03-03 01:11:27.5+00,"{0,0,0.72346073,0.69036555}","{16.99725,89.63109,1.89}"
2026-03-03 01:11:28.047+00,"{0,0,0.7231361,0.69070554}","{16.689966,89.61321,1.89}"
2026-03-03 01:11:29.163+00,"{0,0,0.7111792,0.7030108}","{16.374556,89.55364,1.89}"
2026-03-03 01:11:29.746+00,"{0,0,0.67282933,0.7397978}","{16.073524,89.3882,1.89}"
2026-03-03 01:11:30.093+00,"{0,0,0.62517226,0.7804869}","{15.8298645,89.20927,1.89}"
2026-03-03 01:11:30.57+00,"{0,0,0.54549325,0.8381153}","{15.564261,89.063934,1.89}"
2026-03-03 01:11:30.807+00,"{0,0,0.49946845,0.8663321}","{15.330915,88.85413,1.89}"
2026-03-03 01:11:31.181+00,"{0,0,0.41024217,0.91197664}","{15.035972,88.66875,1.89}"
2026-03-03 01:11:31.555+00,"{0,0,0.32338887,0.9462662}","{14.752813,88.53348,1.89}"
2026-03-03 01:11:31.882+00,"{0,0,0.23428112,0.9721689}","{14.420825,88.41858,1.89}"
2026-03-03 01:11:32.225+00,"{0,0,0.14124744,0.9899743}","{14.08908,88.368744,1.89}"
2026-03-03 01:11:32.586+00,"{0,0,0.0581781,0.9983062}","{13.778612,88.36078,1.89}"
2026-03-03 01:11:32.983+00,"{0,0,0.0032596847,-0.9999947}","{13.545856,88.43199,1.89}"
2026-03-03 01:11:33.822+00,"{0,0,0.00020098686,1}","{13.551915,88.39278,1.89}"
2026-03-03 01:11:34.352+00,"{0,0,0.095623195,0.9954176}","{13.866877,88.29292,1.89}"
2026-03-03 01:11:34.682+00,"{0,0,0.18348292,0.9830229}","{14.170783,88.29105,1.89}"
2026-03-03 01:11:34.955+00,"{0,0,0.26471967,0.9643254}","{14.471421,88.33873,1.89}"
2026-03-03 01:11:35.195+00,"{0,0,0.3449483,0.9386217}","{14.778023,88.43756,1.89}"
2026-03-03 01:11:35.52+00,"{0,0,0.42922637,0.903197}","{15.10598,88.52317,1.89}"
2026-03-03 01:11:35.881+00,"{0,0,0.4902882,0.8715604}","{15.411042,88.67922,1.89}"
2026-03-03 01:11:37.46+00,"{0,0,0.4954016,0.8686641}","{15.088326,88.856094,1.89}"
2026-03-03 01:11:37.768+00,"{0,0,0.49554262,0.8685836}","{14.792304,89.04529,1.89}"
2026-03-03 01:11:38.111+00,"{0,0,0.49958017,0.8662677}","{14.508696,89.23035,1.89}"
2026-03-03 01:11:38.422+00,"{0,0,0.5034846,0.86400425}","{14.155749,89.46547,1.89}"
2026-03-03 01:11:38.753+00,"{0,0,0.50633734,0.8623355}","{13.895322,89.643166,1.89}"
2026-03-03 01:11:42.063+00,"{0,0,0.4563948,0.8897774}","{13.997882,89.35653,1.89}"
2026-03-03 01:11:42.387+00,"{0,0,0.4327731,0.9015029}","{14.164329,89.10679,1.89}"
2026-03-03 01:11:42.74+00,"{0,0,0.410592,0.9118192}","{14.360546,88.82615,1.89}"
2026-03-03 01:11:43.115+00,"{0,0,0.3957657,0.91835153}","{14.543595,88.57067,1.89}"
2026-03-03 01:11:45.728+00,"{0,0,0.3028618,0.9530345}","{14.251223,88.42518,1.89}"
2026-03-03 01:11:46.16+00,"{0,0,0.21793519,0.97596323}","{13.940816,88.35027,1.89}"
2026-03-03 01:11:46.506+00,"{0,0,0.12266965,0.99244756}","{13.621364,88.26653,1.89}"
2026-03-03 01:11:46.961+00,"{0,0,0.0179069,0.99983966}","{13.241085,88.29194,1.89}"
2026-03-03 01:11:47.076+00,"{0,0,0.0033730522,-0.99999434}","{13.17447,88.32296,1.89}"
2026-03-03 01:11:47.575+00,"{0,0,0.08606422,-0.9962896}","{12.903258,88.48962,1.89}"
2026-03-03 01:11:48.604+00,"{0,0,0.13039748,-0.9914618}","{12.813497,88.805695,1.89}"
2026-03-03 01:11:49.359+00,"{0,0,0.13615236,-0.9906879}","{12.883532,89.14764,1.89}"
2026-03-03 01:11:49.946+00,"{0,0,0.13535054,-0.99079776}","{12.9710045,89.43759,1.89}"
2026-03-03 01:11:50.545+00,"{0,0,0.1349858,-0.9908475}","{13.057342,89.73722,1.89}"
2026-03-03 01:11:51.23+00,"{0,0,0.1346377,-0.9908949}","{13.139146,90.0444,1.89}"
2026-03-03 01:11:51.995+00,"{0,0,0.1370488,-0.9905643}","{13.208511,90.35272,1.89}"
2026-03-03 01:11:53.165+00,"{0,0,0.14057428,-0.9900701}","{13.276801,90.6455,1.89}"
2026-03-03 01:11:57.481+00,"{0,0,0.16699001,-0.9859586}","{13.095643,90.40607,1.89}"
2026-03-03 01:11:58.039+00,"{0,0,0.21091796,-0.9775038}","{12.85654,90.22144,1.89}"
2026-03-03 01:11:58.535+00,"{0,0,0.2683042,-0.96333426}","{12.574071,90.10258,1.89}"
2026-03-03 01:11:59.008+00,"{0,0,0.33406937,-0.94254845}","{12.263043,90.06177,1.89}"
2026-03-03 01:11:59.37+00,"{0,0,0.4063224,-0.9137298}","{11.951255,90.09974,1.89}"
2026-03-03 01:11:59.799+00,"{0,0,0.48367256,-0.875249}","{11.669456,90.24629,1.89}"
2026-03-03 01:12:00.266+00,"{0,0,0.55460334,-0.8321148}","{11.418333,90.42931,1.89}"
2026-03-03 01:12:00.644+00,"{0,0,0.625484,-0.78023696}","{11.198502,90.68226,1.89}"
2026-03-03 01:12:01.348+00,"{0,0,0.68594235,-0.7276559}","{10.982165,90.91663,1.89}"
2026-03-03 01:12:01.539+00,"{0,0,0.8060705,0.5918194}","{-62.135555,88.71832,1.89}"
2026-03-03 01:12:02.84+00,"{0,0,0.81769603,0.5756502}","{-62.466457,88.67945,1.89}"
2026-03-03 01:12:03.281+00,"{0,0,0.8169186,0.5767529}","{-62.75276,88.58001,1.89}"
2026-03-03 01:12:03.616+00,"{0,0,0.8111682,0.5848129}","{-63.062828,88.427475,1.89}"
2026-03-03 01:12:03.831+00,"{0,0,0.8063312,0.59146416}","{-63.343483,88.29529,1.89}"
2026-03-03 01:12:04.204+00,"{0,0,0.8003509,0.5995318}","{-63.66651,88.12787,1.89}"
2026-03-03 01:12:04.425+00,"{0,0,0.79579437,0.6055669}","{-63.953903,88.01545,1.89}"
2026-03-03 01:12:04.674+00,"{0,0,0.79306746,0.6091337}","{-64.25378,87.910416,1.89}"
2026-03-03 01:12:04.955+00,"{0,0,0.7931189,0.6090668}","{-64.53828,87.81436,1.89}"
2026-03-03 01:12:05.22+00,"{0,0,0.79465914,0.60705584}","{-64.854706,87.73424,1.89}"
2026-03-03 01:12:05.491+00,"{0,0,0.7961309,0.60512435}","{-65.17147,87.66119,1.89}"
2026-03-03 01:12:05.763+00,"{0,0,0.7978553,0.60284895}","{-65.49821,87.56175,1.89}"
2026-03-03 01:12:06.005+00,"{0,0,0.79928493,0.6009522}","{-65.79066,87.47807,1.89}"
2026-03-03 01:12:06.355+00,"{0,0,0.8014071,0.5981192}","{-66.14833,87.380295,1.89}"
2026-03-03 01:12:06.934+00,"{0,0,0.80284643,0.59618586}","{-66.46999,87.28962,1.89}"
2026-03-03 01:12:09.918+00,"{0,0,0.80787396,0.58935523}","{-66.18192,87.40983,1.89}"
2026-03-03 01:12:10.335+00,"{0,0,0.8114675,0.58439744}","{-65.89596,87.53122,1.89}"
2026-03-03 01:12:10.627+00,"{0,0,0.81610477,0.5779039}","{-65.56698,87.689926,1.89}"
2026-03-03 01:12:10.962+00,"{0,0,0.8216353,0.57001346}","{-65.25213,87.83859,1.89}"
2026-03-03 01:12:11.271+00,"{0,0,0.82661575,0.5627667}","{-64.95962,87.998116,1.89}"
2026-03-03 01:12:11.683+00,"{0,0,0.8312592,0.55588496}","{-64.68869,88.148285,1.89}"
2026-03-03 01:12:12.052+00,"{0,0,0.83647096,0.5480112}","{-64.3629,88.33961,1.89}"
2026-03-03 01:12:14.06+00,"{0,0,0.88091725,0.47327033}","{-64.63364,88.54679,1.89}"
2026-03-03 01:12:14.382+00,"{0,0,0.91385853,0.40603268}","{-65.02153,88.56785,1.89}"
2026-03-03 01:12:14.601+00,"{0,0,0.9328125,0.36036208}","{-65.32371,88.51943,1.89}"
2026-03-03 01:12:14.843+00,"{0,0,0.95220786,0.30545077}","{-65.706955,88.38686,1.89}"
2026-03-03 01:12:15.077+00,"{0,0,0.96728325,0.2536989}","{-66.08817,88.14125,1.89}"
2026-03-03 01:12:15.273+00,"{0,0,0.9741663,0.22583199}","{-66.322105,87.90613,1.89}"
2026-03-03 01:12:15.364+00,"{0,0,0.9798916,0.19953066}","{-66.55176,87.630714,1.89}"
2026-03-03 01:12:15.578+00,"{0,0,0.9832635,0.18218908}","{-66.726715,87.36479,1.89}"
2026-03-03 01:12:15.768+00,"{0,0,0.9874247,0.15809014}","{-66.96551,86.9324,1.89}"
2026-03-03 01:12:15.874+00,"{0,0,0.98954797,0.1442041}","{-67.14438,86.61805,1.89}"
2026-03-03 01:12:16.059+00,"{0,0,0.9917836,0.1279268}","{-67.31424,86.267815,1.89}"
2026-03-03 01:12:16.169+00,"{0,0,0.9933718,0.114945546}","{-67.44744,85.947716,1.89}"
2026-03-03 01:12:16.361+00,"{0,0,0.99553627,0.094379514}","{-67.62197,85.50023,1.89}"
2026-03-03 01:12:16.545+00,"{0,0,0.9974156,0.071848065}","{-67.76374,85.14851,1.89}"
2026-03-03 01:12:16.743+00,"{0,0,0.9990241,0.044168364}","{-67.92974,84.75949,1.89}"
2026-03-03 01:12:16.85+00,"{0,0,0.9998868,0.015046493}","{-68.05268,84.40689,1.89}"
2026-03-03 01:12:17.036+00,"{0,0,0.9996881,-0.024974197}","{-68.21663,83.96074,1.89}"
2026-03-03 01:12:17.244+00,"{0,0,0.99738985,-0.07220442}","{-68.338585,83.54019,1.89}"
2026-03-03 01:12:17.356+00,"{0,0,0.9923365,-0.12356492}","{-68.45597,83.09843,1.89}"
2026-03-03 01:12:17.552+00,"{0,0,0.98162186,-0.19083634}","{-68.58029,82.630745,1.89}"
2026-03-03 01:12:17.737+00,"{0,0,0.96897453,-0.24716054}","{-68.61954,82.26156,1.89}"
2026-03-03 01:12:17.846+00,"{0,0,0.9471279,-0.32085642}","{-68.64527,81.80077,1.89}"
2026-03-03 01:12:18.034+00,"{0,0,0.923351,-0.38395694}","{-68.67381,81.4452,1.89}"
2026-03-03 01:12:18.12+00,"{0,0,0.89360076,-0.44886273}","{-68.666306,81.09359,1.89}"
2026-03-03 01:12:18.338+00,"{0,0,0.83906806,-0.5440265}","{-68.55755,80.65162,1.89}"
2026-03-03 01:12:18.483+00,"{0,0,0.7923915,-0.610013}","{-68.36764,80.276825,1.89}"
2026-03-03 01:12:18.595+00,"{0,0,0.752913,-0.6581201}","{-68.207535,80.00584,1.89}"
2026-03-03 01:12:18.829+00,"{0,0,0.67438465,-0.73838013}","{-68.021996,79.6437,1.89}"
2026-03-03 01:12:18.91+00,"{0,0,0.62834585,-0.7779341}","{-67.81672,79.417786,1.89}"
2026-03-03 01:12:19.096+00,"{0,0,0.5715237,-0.8205855}","{-67.608795,79.17389,1.89}"
2026-03-03 01:12:19.183+00,"{0,0,0.5111827,-0.85947204}","{-67.33492,79.02125,1.89}"
2026-03-03 01:12:19.318+00,"{0,0,0.47319186,-0.8809594}","{-67.13681,78.75433,1.89}"
2026-03-03 01:12:19.455+00,"{0,0,0.38582718,-0.92257106}","{-66.77103,78.606636,1.89}"
2026-03-03 01:12:19.659+00,"{0,0,0.29227346,-0.95633477}","{-66.4044,78.4728,1.89}"
2026-03-03 01:12:19.9+00,"{0,0,0.20197348,-0.979391}","{-66.061745,78.431244,1.89}"
2026-03-03 01:12:21.405+00,"{0,0,0.13210717,-0.99123544}","{-65.737404,78.48934,1.89}"
2026-03-03 01:12:22.669+00,"{0,0,0.1266817,-0.9919434}","{-65.63731,78.80932,1.89}"
2026-03-03 01:12:23.677+00,"{0,0,0.122382775,-0.99248296}","{-65.53898,79.10364,1.89}"
2026-03-03 01:12:24.408+00,"{0,0,0.112819195,-0.9936155}","{-65.432434,79.403404,1.89}"
2026-03-03 01:12:24.96+00,"{0,0,0.09752154,-0.9952334}","{-65.31346,79.68986,1.89}"
2026-03-03 01:12:25.878+00,"{0,0,0.08612194,-0.9962846}","{-65.21148,79.97364,1.89}"
2026-03-03 01:12:28.312+00,"{0,0,0.06106167,-0.998134}","{-65.16192,79.66049,1.89}"
2026-03-03 01:12:28.791+00,"{0,0,0.018514324,-0.9998286}","{-65.03754,79.364204,1.89}"
2026-03-03 01:12:28.955+00,"{0,0,0.0013018842,0.99999917}","{-64.96708,79.269394,1.89}"
2026-03-03 01:12:29.286+00,"{0,0,0.060531426,0.9981663}","{-64.75749,79.05374,1.89}"
2026-03-03 01:12:29.684+00,"{0,0,0.13328467,0.9910778}","{-64.474754,78.88027,1.89}"
2026-03-03 01:12:29.991+00,"{0,0,0.20593716,0.9785652}","{-64.172,78.76591,1.89}"
2026-03-03 01:12:30.295+00,"{0,0,0.27698144,0.9608753}","{-63.86526,78.691795,1.89}"
2026-03-03 01:12:30.694+00,"{0,0,0.35145888,0.93620336}","{-63.51015,78.6758,1.89}"
2026-03-03 01:12:31.111+00,"{0,0,0.41198555,0.9111904}","{-63.179306,78.65051,1.89}"
2026-03-03 01:12:32.644+00,"{0,0,0.4305566,0.9025636}","{-63.378773,78.89292,1.89}"
2026-03-03 01:12:32.915+00,"{0,0,0.43825513,0.8988506}","{-63.607082,79.12055,1.89}"
2026-03-03 01:12:33.159+00,"{0,0,0.45494825,0.8905179}","{-63.815796,79.35555,1.89}"
2026-03-03 01:12:33.456+00,"{0,0,0.48370916,0.8752288}","{-64.04074,79.64771,1.89}"
2026-03-03 01:12:33.708+00,"{0,0,0.5143418,0.8575853}","{-64.26821,79.93865,1.89}"
2026-03-03 01:12:33.976+00,"{0,0,0.538973,0.8423231}","{-64.50622,80.17149,1.89}"
2026-03-03 01:12:34.221+00,"{0,0,0.5599036,0.8285578}","{-64.80128,80.394806,1.89}"
2026-03-03 01:12:34.469+00,"{0,0,0.5721254,0.82016623}","{-65.13806,80.574165,1.89}"
2026-03-03 01:12:34.697+00,"{0,0,0.5773975,0.8164632}","{-65.46388,80.72393,1.89}"
2026-03-03 01:12:34.964+00,"{0,0,0.58132714,0.81367}","{-65.78742,80.857216,1.89}"
2026-03-03 01:12:35.195+00,"{0,0,0.58417946,0.8116246}","{-66.06363,80.97852,1.89}"
2026-03-03 01:12:35.554+00,"{0,0,0.587262,0.809397}","{-66.357,81.091515,1.89}"
2026-03-03 01:12:37.291+00,"{0,0,0.58320624,0.81232417}","{-65.99977,80.98639,1.89}"
2026-03-03 01:12:37.503+00,"{0,0,0.57877773,0.81548536}","{-65.72901,80.83828,1.89}"
2026-03-03 01:12:37.705+00,"{0,0,0.56698996,0.82372475}","{-65.41229,80.67271,1.89}"
2026-03-03 01:12:37.931+00,"{0,0,0.5477276,0.8366568}","{-65.0969,80.453896,1.89}"
2026-03-03 01:12:38.116+00,"{0,0,0.52635854,0.85026276}","{-64.85725,80.257065,1.89}"
2026-03-03 01:12:38.338+00,"{0,0,0.49452433,0.8691638}","{-64.57797,79.97045,1.89}"
2026-03-03 01:12:38.603+00,"{0,0,0.45667556,0.88963336}","{-64.31367,79.63679,1.89}"
2026-03-03 01:12:38.836+00,"{0,0,0.42536154,0.9050235}","{-64.115776,79.32238,1.89}"
2026-03-03 01:12:39.079+00,"{0,0,0.39979616,0.9166041}","{-63.93682,79.04154,1.89}"
2026-03-03 01:12:39.374+00,"{0,0,0.37816733,0.92573726}","{-63.755634,78.75201,1.89}"
2026-03-03 01:12:39.739+00,"{0,0,0.366302,0.93049604}","{-63.568863,78.50133,1.89}"
2026-03-03 01:12:40.049+00,"{0,0,0.3650233,0.9309984}","{-63.346485,78.253044,1.89}"
2026-03-03 01:12:41.571+00,"{0,0,0.26838818,0.96331084}","{-63.626457,78.08483,1.89}"
2026-03-03 01:12:41.869+00,"{0,0,0.17431927,0.9846892}","{-63.991253,78.05867,1.89}"
2026-03-03 01:12:42.079+00,"{0,0,0.09995976,0.9949915}","{-64.38258,78.04982,1.89}"
2026-03-03 01:12:42.582+00,"{0,0,0.0031044434,0.9999952}","{-64.63763,78.252556,1.89}"
2026-03-03 01:12:42.635+00,"{0,0,0.0067589087,-0.9999772}","{-64.67035,78.29243,1.89}"
2026-03-03 01:12:43.642+00,"{0,0,0.036818676,-0.99932194}","{-64.75116,78.59248,1.89}"
2026-03-03 01:12:44.875+00,"{0,0,0.030273732,-0.99954164}","{-64.711395,78.8942,1.89}"
2026-03-03 01:12:45.559+00,"{0,0,0.021192666,-0.9997754}","{-64.65982,79.213135,1.89}"
2026-03-03 01:12:46.092+00,"{0,0,0.015966961,-0.9998725}","{-64.63245,79.53362,1.89}"
2026-03-03 01:12:51.111+00,"{0,0,0.010848103,-0.9999412}","{-64.61101,79.60087,1.89}"
2026-03-03 01:12:51.847+00,"{0,0,0.0011651512,0.99999934}","{-64.572365,79.54165,1.89}"
2026-03-03 01:12:52.948+00,"{0,0,0.086118825,0.9962849}","{-64.272606,79.38513,1.89}"
2026-03-03 01:12:53.466+00,"{0,0,0.17248449,0.98501223}","{-63.9657,79.35462,1.89}"
2026-03-03 01:12:53.954+00,"{0,0,0.2725995,0.9621276}","{-63.599148,79.39292,1.89}"
2026-03-03 01:12:54.279+00,"{0,0,0.36378026,0.9314848}","{-63.270924,79.495575,1.89}"
2026-03-03 01:12:54.666+00,"{0,0,0.45687068,0.88953316}","{-62.925404,79.6327,1.89}"
2026-03-03 01:12:55.109+00,"{0,0,0.5244808,0.8514223}","{-62.62366,79.76685,1.89}"
2026-03-03 01:12:55.322+00,"{0,0,0.5716561,0.82049334}","{-62.347904,79.88551,1.89}"
2026-03-03 01:12:56.934+00,"{0,0,0.58318096,0.8123423}","{-62.652485,80.01628,1.89}"
2026-03-03 01:12:57.185+00,"{0,0,0.57940024,0.8150432}","{-62.971626,80.12522,1.89}"
2026-03-03 01:12:57.383+00,"{0,0,0.5809242,0.8139577}","{-63.277428,80.2663,1.89}"
2026-03-03 01:12:57.635+00,"{0,0,0.58515155,0.810924}","{-63.582985,80.376076,1.89}"
2026-03-03 01:12:57.885+00,"{0,0,0.59045887,0.80706775}","{-63.920433,80.51056,1.89}"
2026-03-03 01:12:58.173+00,"{0,0,0.59573656,0.80318}","{-64.25447,80.64733,1.89}"
2026-03-03 01:12:58.464+00,"{0,0,0.6006815,0.7994885}","{-64.61137,80.7598,1.89}"
2026-03-03 01:12:59.103+00,"{0,0,0.60461515,0.7965178}","{-64.89764,80.85506,1.89}"
2026-03-03 01:12:59.975+00,"{0,0,0.6018893,0.7985796}","{-64.57078,80.771065,1.89}"
2026-03-03 01:13:00.23+00,"{0,0,0.6000306,0.7999771}","{-64.26366,80.66813,1.89}"
2026-03-03 01:13:00.558+00,"{0,0,0.59785503,0.80160433}","{-63.894283,80.56326,1.89}"
2026-03-03 01:13:00.757+00,"{0,0,0.5980456,0.8014621}","{-63.582417,80.47021,1.89}"
2026-03-03 01:13:01.108+00,"{0,0,0.6056185,0.7957552}","{-63.278362,80.413185,1.89}"
2026-03-03 01:13:02.462+00,"{0,0,0.5551173,0.8317721}","{-63.559822,80.29604,1.89}"
2026-03-03 01:13:02.782+00,"{0,0,0.5042999,0.8635286}","{-63.87713,80.21323,1.89}"
2026-03-03 01:13:03.126+00,"{0,0,0.44661096,0.8947283}","{-64.22395,80.17793,1.89}"
2026-03-03 01:13:03.433+00,"{0,0,0.3949806,0.9186895}","{-64.55238,80.16572,1.89}"
2026-03-03 01:13:03.781+00,"{0,0,0.34368694,0.9390843}","{-64.89546,80.244965,1.89}"
2026-03-03 01:13:04.166+00,"{0,0,0.299144,0.954208}","{-65.20328,80.37628,1.89}"
2026-03-03 01:13:04.781+00,"{0,0,0.26027265,0.96553516}","{-65.48742,80.555466,1.89}"
2026-03-03 01:13:05.691+00,"{0,0,0.27096137,0.9625902}","{-65.28631,80.29337,1.89}"
2026-03-03 01:13:06.015+00,"{0,0,0.27718702,0.96081597}","{-65.069916,79.9806,1.89}"
2026-03-03 01:13:06.299+00,"{0,0,0.28232604,0.9593185}","{-64.86565,79.69878,1.89}"
2026-03-03 01:13:06.633+00,"{0,0,0.29036793,0.9569151}","{-64.66857,79.451324,1.89}"
2026-03-03 01:13:07.088+00,"{0,0,0.30222565,0.9532364}","{-64.44866,79.188805,1.89}"
2026-03-03 01:13:12.177+00,"{0,0,0.30992576,0.9507608}","{-64.2883,79.01875,1.89}"
2026-03-03 01:13:15.084+00,"{0,0,0.29835537,0.95445484}","{-64.51065,79.26866,1.89}"
2026-03-03 01:13:15.603+00,"{0,0,0.29260924,0.95623213}","{-64.72555,79.55726,1.89}"
2026-03-03 01:13:16.068+00,"{0,0,0.29066166,0.9568259}","{-64.92242,79.846504,1.89}"
2026-03-03 01:13:16.459+00,"{0,0,0.2896775,0.9571243}","{-65.10056,80.107124,1.89}"
2026-03-03 01:13:16.806+00,"{0,0,0.2884934,0.9574819}","{-65.26968,80.357124,1.89}"
2026-03-03 01:13:17.214+00,"{0,0,0.28606766,0.95820946}","{-65.46017,80.623695,1.89}"
2026-03-03 01:13:17.779+00,"{0,0,0.28308702,0.9590942}","{-65.63523,80.87797,1.89}"
2026-03-03 01:13:19.851+00,"{0,0,0.28596964,0.95823866}","{-65.44451,80.593575,1.89}"
2026-03-03 01:13:20.241+00,"{0,0,0.2890547,0.9573126}","{-65.268425,80.34888,1.89}"
2026-03-03 01:13:20.85+00,"{0,0,0.2915136,0.9565667}","{-65.096466,80.09941,1.89}"
2026-03-03 01:13:25.793+00,"{0,0,0.29225826,0.9563394}","{-65.05037,80.03957,1.89}"
2026-03-03 01:13:30.863+00,"{0,0,0.29218528,0.9563617}","{-65.043686,80.03686,1.89}"
2026-03-03 01:13:35.886+00,"{0,0,0.29225665,0.95633996}","{-65.04399,80.0366,1.89}"
2026-03-03 01:13:40.919+00,"{0,0,0.29226953,0.956336}","{-65.04249,80.03391,1.89}"
2026-03-03 01:13:45.94+00,"{0,0,0.29204413,0.95640486}","{-65.10031,80.11958,1.89}"
2026-03-03 01:13:46.71+00,"{0,0,0.3033051,0.9528935}","{-65.23623,80.396866,1.89}"
2026-03-03 01:13:47.203+00,"{0,0,0.31824952,0.948007}","{-65.385475,80.68638,1.89}"
2026-03-03 01:13:47.643+00,"{0,0,0.32986373,0.94402856}","{-65.56104,80.996605,1.89}"
2026-03-03 01:13:48.025+00,"{0,0,0.3353351,0.9420989}","{-65.73344,81.248566,1.89}"
2026-03-03 01:13:48.556+00,"{0,0,0.3379317,0.94117063}","{-65.9833,81.55814,1.89}"
2026-03-03 01:13:48.926+00,"{0,0,0.33754236,0.94131035}","{-66.19,81.80478,1.89}"
2026-03-03 01:13:49.344+00,"{0,0,0.33571142,0.9419649}","{-66.420265,82.07479,1.89}"
2026-03-03 01:13:49.746+00,"{0,0,0.32984155,0.9440363}","{-66.6449,82.326126,1.89}"
2026-03-03 01:13:50.158+00,"{0,0,0.3186717,0.9478651}","{-66.85848,82.54164,1.89}"
2026-03-03 01:13:50.548+00,"{0,0,0.29343888,0.95597786}","{-67.126205,82.72493,1.89}"
2026-03-03 01:13:50.983+00,"{0,0,0.23594742,0.9717658}","{-67.48129,82.911934,1.89}"
2026-03-03 01:13:51.397+00,"{0,0,0.15845935,0.9873655}","{-67.82117,83.02744,1.89}"
2026-03-03 01:13:51.687+00,"{0,0,0.077884756,0.99696237}","{-68.12564,83.12596,1.89}"
2026-03-03 01:13:52.011+00,"{0,0,0.016798573,-0.9998589}","{-68.463554,83.265175,1.89}"
2026-03-03 01:13:52.379+00,"{0,0,0.11035134,-0.9938926}","{-68.77818,83.44307,1.89}"
2026-03-03 01:13:52.603+00,"{0,0,0.1937085,-0.98105913}","{-69.020485,83.6496,1.89}"
2026-03-03 01:13:52.893+00,"{0,0,0.28633535,-0.95812947}","{-69.23275,83.92833,1.89}"
2026-03-03 01:13:53.197+00,"{0,0,0.36468682,-0.93113023}","{-69.3896,84.20978,1.89}"
2026-03-03 01:13:53.472+00,"{0,0,0.43824244,-0.8988568}","{-69.50496,84.50674,1.89}"
2026-03-03 01:13:53.719+00,"{0,0,0.5095456,-0.8604436}","{-69.55291,84.8472,1.89}"
2026-03-03 01:13:53.987+00,"{0,0,0.5725616,-0.81986165}","{-69.57139,85.21703,1.89}"
2026-03-03 01:13:54.291+00,"{0,0,0.6398428,-0.76850575}","{-69.48836,85.507675,1.89}"
2026-03-03 01:13:54.634+00,"{0,0,0.6926555,-0.72126853}","{-69.3637,85.783,1.89}"
2026-03-03 01:13:54.978+00,"{0,0,0.7317501,-0.6815731}","{-69.127075,86.00571,1.89}"
2026-03-03 01:13:55.296+00,"{0,0,0.76912796,-0.6390949}","{-68.85693,86.2001,1.89}"
2026-03-03 01:13:55.688+00,"{0,0,0.79932296,-0.6009018}","{-68.534546,86.2915,1.89}"
2026-03-03 01:13:56.147+00,"{0,0,0.8191121,-0.5736335}","{-68.233864,86.32528,1.89}"
2026-03-03 01:13:57.27+00,"{0,0,0.834321,-0.55127895}","{-67.92411,86.316055,1.89}"
2026-03-03 01:13:58.279+00,"{0,0,0.8373683,-0.5466392}","{-67.629425,86.192116,1.89}"
2026-03-03 01:14:03.31+00,"{0,0,0.8371598,-0.54695845}","{-67.48476,86.04404,1.89}"
2026-03-03 01:14:08.344+00,"{0,0,0.8323673,-0.5542245}","{-67.454636,85.97625,1.89}"
2026-03-03 01:14:13.358+00,"{0,0,0.8154593,-0.57881445}","{-67.49317,85.89798,1.89}"
2026-03-03 01:14:18.403+00,"{0,0,0.81346303,-0.5816167}","{-67.54653,85.896545,1.89}"
2026-03-03 01:14:23.425+00,"{0,0,0.78493357,-0.61958}","{-67.493286,85.74824,1.89}"
2026-03-03 01:14:25.111+00,"{0,0,0.80022764,-0.5996964}","{-67.76686,85.882,1.89}"
2026-03-03 01:14:25.868+00,"{0,0,0.80552864,-0.59255695}","{-68.07434,86.02366,1.89}"
2026-03-03 01:14:26.504+00,"{0,0,0.8069279,-0.59065}","{-68.36883,86.12052,1.89}"
2026-03-03 01:14:27.066+00,"{0,0,0.80760556,-0.5897231}","{-68.652214,86.234604,1.89}"
2026-03-03 01:14:27.558+00,"{0,0,0.80652106,-0.5912054}","{-68.95985,86.310814,1.89}"
2026-03-03 01:14:28.049+00,"{0,0,0.8056899,-0.5923376}","{-69.30968,86.38306,1.89}"
2026-03-03 01:14:28.58+00,"{0,0,0.80263656,-0.59646845}","{-69.599976,86.52104,1.89}"
2026-03-03 01:14:29.13+00,"{0,0,0.7990287,-0.60129297}","{-69.930984,86.59843,1.89}"
2026-03-03 01:14:29.644+00,"{0,0,0.79476243,-0.6069207}","{-70.2361,86.66185,1.89}"
2026-03-03 01:14:30.202+00,"{0,0,0.78575426,-0.6185388}","{-70.54205,86.68954,1.89}"
2026-03-03 01:14:30.729+00,"{0,0,0.76799035,-0.64046144}","{-70.85597,86.66406,1.89}"
2026-03-03 01:14:31.327+00,"{0,0,0.73501897,-0.6780466}","{-71.16373,86.54194,1.89}"
2026-03-03 01:14:31.914+00,"{0,0,0.6949042,-0.7191023}","{-71.40239,86.33969,1.89}"
2026-03-03 01:14:33.824+00,"{0,0,0.6604108,-0.75090444}","{-71.63019,86.12278,1.89}"
2026-03-03 01:14:34.574+00,"{0,0,0.6608684,-0.75050175}","{-71.93903,86.07591,1.89}"
2026-03-03 01:14:35.14+00,"{0,0,0.6682264,-0.74395794}","{-72.24244,86.05859,1.89}"
2026-03-03 01:14:35.803+00,"{0,0,0.6739791,-0.73875034}","{-72.54562,86.05596,1.89}"
2026-03-03 01:14:36.508+00,"{0,0,0.674057,-0.7386793}","{-72.85385,86.03117,1.89}"
2026-03-03 01:14:37.214+00,"{0,0,0.6625089,-0.74905396}","{-73.16074,85.94805,1.89}"
2026-03-03 01:14:38.753+00,"{0,0,0.71513623,-0.6989851}","{-72.96711,86.20662,1.89}"
2026-03-03 01:14:39.059+00,"{0,0,0.76621693,-0.64258206}","{-72.78225,86.47779,1.89}"
2026-03-03 01:14:39.311+00,"{0,0,0.81425434,-0.58050835}","{-72.56618,86.707535,1.89}"
2026-03-03 01:14:39.547+00,"{0,0,0.858876,-0.51218367}","{-72.25147,86.92177,1.89}"
2026-03-03 01:14:39.816+00,"{0,0,0.8924597,-0.45112714}","{-71.95258,87.025764,1.89}"
2026-03-03 01:14:40.004+00,"{0,0,0.918305,-0.3958737}","{-71.60739,87.062904,1.89}"
2026-03-03 01:14:40.266+00,"{0,0,0.9389513,-0.34405002}","{-71.238754,86.9768,1.89}"
2026-03-03 01:14:40.42+00,"{0,0,0.95202893,-0.30600807}","{-70.90786,86.80567,1.89}"
2026-03-03 01:14:40.602+00,"{0,0,0.9590733,-0.28315797}","{-70.67564,86.60077,1.89}"
2026-03-03 01:14:40.836+00,"{0,0,0.96291745,-0.26979628}","{-70.35675,86.2391,1.89}"
2026-03-03 01:14:41.041+00,"{0,0,0.96194404,-0.27324644}","{-70.22131,85.93693,1.89}"
2026-03-03 01:14:41.142+00,"{0,0,0.95725846,-0.28923392}","{-70.07096,85.587425,1.89}"
2026-03-03 01:14:41.342+00,"{0,0,0.94713885,-0.320824}","{-69.97206,85.17757,1.89}"
2026-03-03 01:14:41.561+00,"{0,0,0.92770624,-0.37331104}","{-69.82687,84.789024,1.89}"
2026-03-03 01:14:41.708+00,"{0,0,0.9028894,-0.42987296}","{-69.75676,84.44149,1.89}"
2026-03-03 01:14:41.881+00,"{0,0,0.8692076,-0.4944473}","{-69.68711,84.10857,1.89}"
2026-03-03 01:14:42.082+00,"{0,0,0.83212733,-0.5545847}","{-69.636215,83.74501,1.89}"
2026-03-03 01:14:42.296+00,"{0,0,0.7691917,-0.6390182}","{-69.537865,83.29011,1.89}"
2026-03-03 01:14:42.464+00,"{0,0,0.70574826,-0.70846266}","{-69.393585,82.98204,1.89}"
2026-03-03 01:14:42.799+00,"{0,0,0.6530582,-0.7573077}","{-69.13263,82.78777,1.89}"
2026-03-03 01:14:43.177+00,"{0,0,0.63241065,-0.7746333}","{-68.8355,82.66379,1.89}"
2026-03-03 01:14:43.531+00,"{0,0,0.6236543,-0.7817002}","{-68.51729,82.65397,1.89}"
2026-03-03 01:14:44.001+00,"{0,0,0.6248808,-0.7807201}","{-68.20138,82.70005,1.89}"
2026-03-03 01:14:45.179+00,"{0,0,0.6297176,-0.7768241}","{-67.895546,82.74832,1.89}"
2026-03-03 01:14:49.167+00,"{0,0,0.62791383,-0.7782828}","{-68.22295,82.6564,1.89}"
2026-03-03 01:14:49.939+00,"{0,0,0.6246896,-0.7808731}","{-68.51471,82.58257,1.89}"
2026-03-03 01:14:51.552+00,"{0,0,0.63782555,-0.7701808}","{-68.23873,82.70751,1.89}"
2026-03-03 01:14:52.008+00,"{0,0,0.65887564,-0.75225186}","{-67.998566,82.90876,1.89}"
2026-03-03 01:14:53.592+00,"{0,0,0.68554235,-0.72803277}","{-67.73029,83.080345,1.89}"
2026-03-03 01:14:54.409+00,"{0,0,0.67446816,-0.73830384}","{-68.01842,82.925735,1.89}"
